avg_dist	del_avg_size	del_count	file	gap_freq	gaps_per_seq	ident_pairs	ins_avg_size	ins_count	nchar	ntax	prop_invar	species
0.0534175761056865	8	1	/gulo/glob/hannesh/git/phylo-primates-sim/results/2015-11-17-PRIMATES2-1/110611710-9526-831-subtree-replicated.fa	0.0232044198895028	4.2	0	1	4	181	5	0.900552486187845	9447,867377,43147,9525,70825
0.0807692307692308	0	0	/gulo/glob/hannesh/git/phylo-primates-sim/results/2015-11-17-PRIMATES2-1/13641101-9526-156-subtree-replicated.fa	0	0	0	0	0	78	5	0.871794871794872	867377,9519,261734,198702,34829
0.0773480662983426	4	4	/gulo/glob/hannesh/git/phylo-primates-sim/results/2015-11-17-PRIMATES2-1/13625451-9526-1012-subtree-replicated.fa	0.05	5	0	1	1	100	4	0.87	9510,864580,88029,402239
0.0283757338551858	0	0	/gulo/glob/hannesh/git/phylo-primates-sim/results/2015-11-17-PRIMATES2-1/117627056-9443-23-subtree-replicated.fa	0	0	1	0	0	292	7	0.938356164383562	129801,9510,9463,460675,61852,122232,90383
0.0090771558245083	1	1	/gulo/glob/hannesh/git/phylo-primates-sim/results/2015-11-17-PRIMATES2-1/114225164-9528-273-subtree-replicated.fa	0.00150829562594268	0.333333333333333	0	0	0	221	3	0.986425339366516	9508,9495,9600
0.00535475234270411	0	0	/gulo/glob/hannesh/git/phylo-primates-sim/results/2015-11-17-PRIMATES2-1/114225035-9528-267-subtree-replicated.fa	0	0	1	0	0	249	3	0.991967871485944	9508,9495,9600
0.0754385964912281	0	0	/gulo/glob/hannesh/git/phylo-primates-sim/results/2015-11-17-PRIMATES2-1/157287162-314293-668-subtree-replicated.fa	0.00925925925925926	2.66666666666667	0	3	1	288	9	0.798611111111111	61851,57176,78449,373033,100487,867363,198702,78452,70825
0.0984351337708227	0	0	/gulo/glob/hannesh/git/phylo-primates-sim/results/2015-11-17-PRIMATES2-1/117627087-314293-374-subtree-replicated.fa	0	0	0	0	0	283	7	0.780918727915194	129801,9510,9463,460675,61852,122232,90383
0.0200945626477541	12	1	/gulo/glob/hannesh/git/phylo-primates-sim/results/2015-11-17-PRIMATES2-1/13569601-9526-364-subtree-replicated.fa	0.00699300699300699	2	0	0	0	286	6	0.961538461538462	34828,867382,402239,43778,9490,9557
0.0193798449612403	0	0	/gulo/glob/hannesh/git/phylo-primates-sim/results/2015-11-17-PRIMATES2-1/1276451-376913-224-subtree-replicated.fa	0	0	1	0	0	129	8	0.945736434108527	75569,30601,27679,9545,9488,9557,43147,867334
0.0463719365689572	1	2	/gulo/glob/hannesh/git/phylo-primates-sim/results/2015-11-17-PRIMATES2-1/115606173-9479-108-subtree-replicated.fa	0.00215362526920316	0.428571428571429	0	0	0	199	7	0.899497487437186	9460,90384,9544,30586,9490,29089,864581
0.0881307746979388	0	0	/gulo/glob/hannesh/git/phylo-primates-sim/results/2015-11-17-PRIMATES2-1/151933919-378855-142-subtree-replicated.fa	0	0	0	0	0	201	7	0.800995024875622	9463,9465,101278,202457,864581,867382,66062
0.0478896103896104	0	0	/gulo/glob/hannesh/git/phylo-primates-sim/results/2015-11-17-PRIMATES2-1/14486472-9443-1227-subtree-replicated.fa	0	0	0	0	0	176	7	0.886363636363636	57378,34829,122246,132108,90383,9538,236274
0.0165680473372781	6.33333333333333	6	/gulo/glob/hannesh/git/phylo-primates-sim/results/2015-11-17-PRIMATES2-1/114224808-314293-572-subtree-replicated.fa	0.0300500834724541	18	0	1	1	599	3	0.976627712854758	9508,9495,9600
0.00761421319796951	30	1	/gulo/glob/hannesh/git/phylo-primates-sim/results/2015-11-17-PRIMATES2-1/12382835-9527-363-subtree-replicated.fa	0.0123762376237624	3.75	0	0	0	303	8	0.98019801980198	57377,30611,261739,30594,9495,9556,402888,9505
0.0307692307692308	51.25	6	/gulo/glob/hannesh/git/phylo-primates-sim/results/2015-11-17-PRIMATES2-1/15724140-9526-540-subtree-replicated.fa	0.264180672268908	71.8571428571429	0	12	1	272	7	0.944852941176471	867377,9519,261734,198702,30611,36227,34829
0.105208333333333	0	0	/gulo/glob/hannesh/git/phylo-primates-sim/results/2015-11-17-PRIMATES2-1/13991739-9498-136-subtree-replicated.fa	0	0	0	0	0	480	4	0.81875	34828,9545,43778,864580
0.0232638888888889	0	0	/gulo/glob/hannesh/git/phylo-primates-sim/results/2015-11-17-PRIMATES2-1/13991729-9479-137-subtree-replicated.fa	0	0	0	0	0	480	4	0.960416666666667	9493,70927,9519,230653
0.0485651214128037	0	0	/gulo/glob/hannesh/git/phylo-primates-sim/results/2015-11-17-PRIMATES2-1/118480628-314295-416-subtree-replicated.fa	0	0	0	0	0	453	3	0.929359823399558	30598,595220,43777
0.00521739130434784	3	1	/gulo/glob/hannesh/git/phylo-primates-sim/results/2015-11-17-PRIMATES2-1/114225203-9533-45-subtree-replicated.fa	0.00288350634371396	1.66666666666667	0	1	1	578	3	0.993079584775087	9508,9495,9600
0.0437074326325141	0	0	/gulo/glob/hannesh/git/phylo-primates-sim/results/2015-11-17-PRIMATES2-1/118185706-13149-10-subtree-replicated.fa	0	0	0	0	0	307	11	0.843648208469055	122223,83281,9488,202457,143352,57176,693712,9493,111174,36227,70927
0.0657660423702794	1	2	/gulo/glob/hannesh/git/phylo-primates-sim/results/2015-11-17-PRIMATES2-1/118480628-376913-385-subtree-replicated.fa	0.000735835172921266	0.333333333333333	0	0	0	453	9	0.805739514348786	61851,30598,9544,170207,221704,143353,122232,52232,111174
0.00979832572298323	0	0	/gulo/glob/hannesh/git/phylo-primates-sim/results/2015-11-17-PRIMATES2-1/117627056-9527-201-subtree-replicated.fa	0	0	4	0	0	292	9	0.982876712328767	52232,34828,30602,33548,9572,66265,1126382,867366,9555
0.0586840545346771	1	1	/gulo/glob/hannesh/git/phylo-primates-sim/results/2015-11-17-PRIMATES2-1/114223843-122245-2-subtree-replicated.fa	0.00177304964539007	1	0	1	1	564	3	0.918439716312057	13557,31869,70927
0.0613535736875396	1.5	2	/gulo/glob/hannesh/git/phylo-primates-sim/results/2015-11-17-PRIMATES2-1/14669150-9526-355-subtree-replicated.fa	0.00934579439252336	5	0	2.5	3	535	3	0.91214953271028	9509,34829,867377
0.0508574807806031	2.5	2	/gulo/glob/hannesh/git/phylo-primates-sim/results/2015-11-17-PRIMATES2-1/12667295-314294-154-subtree-replicated.fa	0.00527240773286467	3	0	1	2	569	3	0.927943760984183	30589,182253,90385
0.0246707916864984	0	0	/gulo/glob/hannesh/git/phylo-primates-sim/results/2015-11-17-PRIMATES2-1/14486473-314293-667-subtree-replicated.fa	0.0829365079365079	17.4166666666667	5	19	1	210	12	0.928571428571429	1090896,89672,147649,9525,9532,342401,75567,1131379,864580,9552,9540,40843
0.0143061516452074	0	0	/gulo/glob/hannesh/git/phylo-primates-sim/results/2015-11-17-PRIMATES2-1/13259149-378855-56-subtree-replicated.fa	0	0	0	0	0	466	4	0.976394849785408	198702,30590,90382,43778
0.00890207715133529	0	0	/gulo/glob/hannesh/git/phylo-primates-sim/results/2015-11-17-PRIMATES2-1/12699488-376912-24-subtree-replicated.fa	0	0	0	0	0	674	3	0.986646884272997	9508,9495,9600
0.0167844522968198	0	0	/gulo/glob/hannesh/git/phylo-primates-sim/results/2015-11-17-PRIMATES2-1/117627087-9527-202-subtree-replicated.fa	0	0	2	0	0	283	9	0.968197879858657	52232,34828,30602,33548,9572,66265,1126382,867366,9555
0.00701320132013206	3	1	/gulo/glob/hannesh/git/phylo-primates-sim/results/2015-11-17-PRIMATES2-1/157886813-314295-456-subtree-replicated.fa	0.00123456790123457	0.333333333333333	1	0	0	270	9	0.974074074074074	460675,34828,90381,9542,543559,9601,36229,30591,465717
0.0250593614474381	9.5	7	/gulo/glob/hannesh/git/phylo-primates-sim/results/2015-11-17-PRIMATES2-1/11275634-9526-445-subtree-replicated.fa	0.00986842105263158	3	0	0	0	304	19	0.894736842105263	121123,9515,78454,47180,379532,47177,29089,236275,412751,548481,9565,499232,57378,164648,36226,9561,9525,70825,9472
0.0643040868819663	2	4	/gulo/glob/hannesh/git/phylo-primates-sim/results/2015-11-17-PRIMATES2-1/114225100-9533-22-subtree-replicated.fa	0.00594227504244482	3.5	1	0	0	589	4	0.901528013582343	9509,9507,34825,379532
0.0177696078431373	0	0	/gulo/glob/hannesh/git/phylo-primates-sim/results/2015-11-17-PRIMATES2-1/109723017-314293-531-subtree-replicated.fa	0	0	1	0	0	408	8	0.95343137254902	13557,867377,57176,30586,198702,52232,1090896,13514
0.0253807106598984	3.33333333333333	7	/gulo/glob/hannesh/git/phylo-primates-sim/results/2015-11-17-PRIMATES2-1/12667295-9526-154-subtree-replicated.fa	0.0248937462052216	13.6666666666667	0	3.33333333333333	4	549	3	0.965391621129326	30589,182253,90385
0.0723978526692514	2	2	/gulo/glob/hannesh/git/phylo-primates-sim/results/2015-11-17-PRIMATES2-1/13991745-376913-136-subtree-replicated.fa	0.00104166666666667	0.5	0	0	0	480	8	0.81875	1090896,89672,60711,75567,9523,90382,40843,30601
0.124615384615385	24.3333333333333	17	/gulo/glob/hannesh/git/phylo-primates-sim/results/2015-11-17-PRIMATES2-1/114224873-9533-15-subtree-replicated.fa	0.381372549019608	194.5	0	0	0	510	4	0.909803921568627	9509,9507,34825,379532
0.0321130378933847	0	0	/gulo/glob/hannesh/git/phylo-primates-sim/results/2015-11-17-PRIMATES2-1/158563260-376917-46-subtree-replicated.fa	0	0	0	0	0	519	3	0.955684007707129	9508,9495,9600
0.0451092117758785	0	0	/gulo/glob/hannesh/git/phylo-primates-sim/results/2015-11-17-PRIMATES2-1/112443169-9528-109-subtree-replicated.fa	0	0	0	0	0	702	6	0.905982905982906	57377,34828,30602,90382,9555,9505
0.00291438979963554	0	0	/gulo/glob/hannesh/git/phylo-primates-sim/results/2015-11-17-PRIMATES2-1/13655484-9528-96-subtree-replicated.fa	0	0	0	0	0	915	3	0.995628415300546	9507,342807,9552
0.0127800114876507	9	1	/gulo/glob/hannesh/git/phylo-primates-sim/results/2015-11-17-PRIMATES2-1/100290566-9569-91-subtree-replicated.fa	0.00597439544807966	4.2	1	3	1	703	5	0.97724039829303	666519,70927,30596,1215604,43780
0.0496347228190802	11.2	7	/gulo/glob/hannesh/git/phylo-primates-sim/results/2015-11-17-PRIMATES2-1/158853226-314293-191-subtree-replicated.fa	0.138221153846154	28.75	0	9	3	208	8	0.894230769230769	9447,9598,9490,36231,9557,9540,36227,13515
0.00786350148367954	0	0	/gulo/glob/hannesh/git/phylo-primates-sim/results/2015-11-17-PRIMATES2-1/12699494-9526-191-subtree-replicated.fa	0	0	1	0	0	674	5	0.985163204747775	34828,867382,43778,9490,9557
0.0251283147989735	0	0	/gulo/glob/hannesh/git/phylo-primates-sim/results/2015-11-17-PRIMATES2-1/13655470-9527-93-subtree-replicated.fa	0	0	0	0	0	668	8	0.940119760479042	9483,9508,9507,9509,34828,342807,90382,9556
0.0102301790281329	7	2	/gulo/glob/hannesh/git/phylo-primates-sim/results/2015-11-17-PRIMATES2-1/114224851-376913-641-subtree-replicated.fa	0.00706001008572869	4.66666666666667	0	0	0	661	3	0.986384266263237	9508,9495,9600
0.125392944463849	6	3	/gulo/glob/hannesh/git/phylo-primates-sim/results/2015-11-17-PRIMATES2-1/151349489-314293-876-subtree-replicated.fa	0.0252695417789757	10.7142857142857	0	9	1	424	7	0.688679245283019	60711,30598,54602,9544,43780,310352,143353
0.00695742471443406	0	0	/gulo/glob/hannesh/git/phylo-primates-sim/results/2015-11-17-PRIMATES2-1/131572769-9526-112-subtree-replicated.fa	0	0	0	0	0	963	5	0.98546209761163	121123,90384,30588,143283,30608
0.050326546292739	1	2	/gulo/glob/hannesh/git/phylo-primates-sim/results/2015-11-17-PRIMATES2-1/12700638-9476-6-subtree-replicated.fa	0.00381825124093165	3.33333333333333	0	2	2	873	3	0.926689576174112	9508,9495,9600
0.0301872843765402	100	2	/gulo/glob/hannesh/git/phylo-primates-sim/results/2015-11-17-PRIMATES2-1/119567641-314293-141-subtree-replicated.fa	0.151429112246829	88.8888888888889	0	100	1	587	9	0.928449744463373	121123,236275,412751,548481,78449,34827,75569,9509,147650
0.0457411133467471	5	6	/gulo/glob/hannesh/git/phylo-primates-sim/results/2015-11-17-PRIMATES2-1/100290437-9526-606-subtree-replicated.fa	0.022279792746114	17.2	0	4.66666666666667	4	772	5	0.920984455958549	164648,30602,66265,1126382,867366
0.0473098330241187	1	1	/gulo/glob/hannesh/git/phylo-primates-sim/results/2015-11-17-PRIMATES2-1/17863416-9526-832-subtree-replicated.fa	0.000925925925925926	0.333333333333333	0	0	0	360	3	0.933333333333333	9508,9495,9600
0.0655515370705244	0	0	/gulo/glob/hannesh/git/phylo-primates-sim/results/2015-11-17-PRIMATES2-1/1790964-9527-529-subtree-replicated.fa	0	0	1	0	0	79	8	0.860759493670886	310934,13514,36223,57176,292213,310352,57374,37588
0.0170531400966183	0	0	/gulo/glob/hannesh/git/phylo-primates-sim/results/2015-11-17-PRIMATES2-1/11065801-9526-446-subtree-replicated.fa	0	0	3	0	0	300	24	0.916666666666667	30590,356665,9556,867366,174599,43780,58710,9552,9542,33548,9572,291259,83281,122246,30591,310352,61852,236272,143283,9593,9465,9536,460675,101278
0.043724279835391	0	0	/gulo/glob/hannesh/git/phylo-primates-sim/results/2015-11-17-PRIMATES2-1/158563215-376915-59-subtree-replicated.fa	0.00205128205128205	1.33333333333333	0	2	1	650	3	0.938461538461538	666519,9508,9600
0.0473429951690821	6	6	/gulo/glob/hannesh/git/phylo-primates-sim/results/2015-11-17-PRIMATES2-1/100290397-314293-948-subtree-replicated.fa	0.0979458917835671	97.75	0	31	3	998	4	0.925851703406814	198702,30590,90382,43778
0.0189102996002336	1	2	/gulo/glob/hannesh/git/phylo-primates-sim/results/2015-11-17-PRIMATES2-1/11967292-9443-1012-subtree-replicated.fa	0.0218055555555556	7.85	2	4	2	360	20	0.911111111111111	867377,9516,9514,36229,43780,122246,27679,9521,402888,75566,1131379,864580,222416,310352,57175,9532,255237,9590,111173,100224
0.00141995030173947	0	0	/gulo/glob/hannesh/git/phylo-primates-sim/results/2015-11-17-PRIMATES2-1/10442522-9462-14-subtree-replicated.fa	0	0	1	0	0	939	3	0.997870074547391	9508,9495,9600
0.0218552215189873	3	1	/gulo/glob/hannesh/git/phylo-primates-sim/results/2015-11-17-PRIMATES2-1/112443169-314293-272-subtree-replicated.fa	0.00399488654522211	1.78571428571429	3	1	1	447	14	0.919463087248322	9502,30590,412750,412751,122231,30608,9565,88029,867377,261736,122248,666519,89672,34829
0.0445990722332671	6	1	/gulo/glob/hannesh/git/phylo-primates-sim/results/2015-11-17-PRIMATES2-1/115394431-9526-6-subtree-replicated.fa	0.000992063492063492	1	0	0	0	1008	6	0.909722222222222	499232,9487,78452,36228,9472,34828
0	0	0	/gulo/glob/hannesh/git/phylo-primates-sim/results/2015-11-17-PRIMATES2-1/1790985-9528-527-subtree-replicated.fa	0	0	3	0	0	136	3	1	9508,9495,9600
0.036915504511895	68.8	7	/gulo/glob/hannesh/git/phylo-primates-sim/results/2015-11-17-PRIMATES2-1/114225046-9527-188-subtree-replicated.fa	0.162397179788484	138.2	0	0	0	851	5	0.934195064629847	34828,143352,412751,66062,543559
0.0415407269627218	0	0	/gulo/glob/hannesh/git/phylo-primates-sim/results/2015-11-17-PRIMATES2-1/156530252-9526-772-subtree-replicated.fa	0.00697969543147208	2.75	1	3	1	394	12	0.850253807106599	9536,13514,379532,83281,27679,70928,90381,78454,236275,9565,221704,202457
0.043740153831897	7	3	/gulo/glob/hannesh/git/phylo-primates-sim/results/2015-11-17-PRIMATES2-1/158562955-376911-61-subtree-replicated.fa	0.00663919413919414	4.83333333333333	0	1	2	728	6	0.909340659340659	122222,222416,236275,9555,9482,9463
0.0877981142540211	121.5	2	/gulo/glob/hannesh/git/phylo-primates-sim/results/2015-11-17-PRIMATES2-1/131572792-376913-534-subtree-replicated.fa	0.0374076354679803	34.7142857142857	1	0	0	928	7	0.814655172413793	9483,263448,100224,30590,78449,9556,9478
0.0563063063063063	0	0	/gulo/glob/hannesh/git/phylo-primates-sim/results/2015-11-17-PRIMATES2-1/1196470-314293-879-subtree-replicated.fa	0.00247490719098034	2.57142857142857	0	3	1	1039	7	0.862367661212704	342401,143352,122232,236272,9460,13557,9493
0.00585559427022841	0	0	/gulo/glob/hannesh/git/phylo-primates-sim/results/2015-11-17-PRIMATES2-1/148806607-9527-148-subtree-replicated.fa	0	0	3	0	0	738	8	0.986449864498645	1090896,89672,60711,75567,9523,90382,40843,30601
0.185213032581454	0	0	/gulo/glob/hannesh/git/phylo-primates-sim/results/2015-11-17-PRIMATES2-1/17980014-376913-1078-subtree-replicated.fa	0.0271186440677966	11.2	0	3.5	4	413	5	0.62227602905569	34828,867382,43778,9490,9557
0.0240756663800515	5	1	/gulo/glob/hannesh/git/phylo-primates-sim/results/2015-11-17-PRIMATES2-1/194272616-314294-776-subtree-replicated.fa	0.0126262626262626	5	0	5	1	396	3	0.967171717171717	9508,9495,9600
0.0111478444855858	0	0	/gulo/glob/hannesh/git/phylo-primates-sim/results/2015-11-17-PRIMATES2-1/11065802-314293-442-subtree-replicated.fa	0	0	4	0	0	398	20	0.942211055276382	867377,9516,9514,36229,43780,122246,27679,9521,402888,75566,1131379,864580,222416,310352,57175,9532,255237,9590,111173,100224
0.0128765792031098	0	0	/gulo/glob/hannesh/git/phylo-primates-sim/results/2015-11-17-PRIMATES2-1/158563225-13149-18-subtree-replicated.fa	0	0	0	0	0	686	4	0.978134110787172	593543,402888,30586,208091
0.00296936158725869	40.5	2	/gulo/glob/hannesh/git/phylo-primates-sim/results/2015-11-17-PRIMATES2-1/12232080-9539-112-subtree-replicated.fa	0.0535437944908697	57.6666666666667	1	0	0	1077	6	0.994428969359331	52232,1090896,9509,9507,34829,867377
0.0599722991689751	1.5	2	/gulo/glob/hannesh/git/phylo-primates-sim/results/2015-11-17-PRIMATES2-1/168831310-376915-66-subtree-replicated.fa	0.00956284153005464	4.66666666666667	0	2.5	3	488	6	0.872950819672131	9447,867377,43147,43777,9525,70825
0.0190363215274247	0	0	/gulo/glob/hannesh/git/phylo-primates-sim/results/2015-11-17-PRIMATES2-1/13655480-314293-519-subtree-replicated.fa	0.00303951367781155	2.57142857142857	0	3	1	846	7	0.951536643026005	182256,90384,30586,57176,13557,198702,13514
0.0395809080325961	0	0	/gulo/glob/hannesh/git/phylo-primates-sim/results/2015-11-17-PRIMATES2-1/13445853-9539-48-subtree-replicated.fa	0	0	1	0	0	859	4	0.939464493597206	9509,9507,34825,379532
0.0617529880478087	18.8	8	/gulo/glob/hannesh/git/phylo-primates-sim/results/2015-11-17-PRIMATES2-1/14537832-9526-448-subtree-replicated.fa	0.0406526548672566	36.75	0	1.5	3	904	4	0.896017699115044	310934,34828,36225,58710
0.0985758244152166	73.8571428571429	8	/gulo/glob/hannesh/git/phylo-primates-sim/results/2015-11-17-PRIMATES2-1/122892627-314293-1192-subtree-replicated.fa	0.0719061583577713	55.7272727272727	0	0	0	775	11	0.709677419354839	61851,122223,224329,70928,9544,30588,30591,261736,9606,78452,9493
0.00444444444444447	0	0	/gulo/glob/hannesh/git/phylo-primates-sim/results/2015-11-17-PRIMATES2-1/15667407-9528-471-subtree-replicated.fa	0	0	1	0	0	900	3	0.993333333333333	9508,9495,9600
0	0	0	/gulo/glob/hannesh/git/phylo-primates-sim/results/2015-11-17-PRIMATES2-1/1658472-9533-99-subtree-replicated.fa	0.028003613369467	20.6666666666667	0	24	1	738	3	1	9508,9495,9600
0.125733704046957	2.5	4	/gulo/glob/hannesh/git/phylo-primates-sim/results/2015-11-17-PRIMATES2-1/176967-9479-381-subtree-replicated.fa	0.0360915492957746	20.5	0	25	1	568	4	0.792253521126761	57377,61853,9460,9552
0.0370087752766119	5.5	2	/gulo/glob/hannesh/git/phylo-primates-sim/results/2015-11-17-PRIMATES2-1/158563136-376915-56-subtree-replicated.fa	0.00416193719258418	3.66666666666667	0	0	0	881	3	0.947786606129398	666519,9508,9600
0.0500757448241038	0	0	/gulo/glob/hannesh/git/phylo-primates-sim/results/2015-11-17-PRIMATES2-1/158562980-376911-62-subtree-replicated.fa	0.00167926112510495	1.33333333333333	0	2	1	794	6	0.90176322418136	122222,222416,236275,9555,9482,9463
0.0147118447726613	360	1	/gulo/glob/hannesh/git/phylo-primates-sim/results/2015-11-17-PRIMATES2-1/148888418-376913-532-subtree-replicated.fa	0.0555984555984556	51.4285714285714	0	0	0	925	7	0.967567567567568	182256,90384,30586,57176,13557,198702,13514
0.102208201892744	2	3	/gulo/glob/hannesh/git/phylo-primates-sim/results/2015-11-17-PRIMATES2-1/17223569-9526-814-subtree-replicated.fa	0.0117501546072975	6.33333333333333	0	2.5	3	539	3	0.85899814471243	9507,36225,9468
0.0877333333333332	0	0	/gulo/glob/hannesh/git/phylo-primates-sim/results/2015-11-17-PRIMATES2-1/208972197-9443-241-subtree-replicated.fa	0	0	0	0	0	250	6	0.808	122223,122222,554167,1194336,9515,9538
0.115244815052384	3	1	/gulo/glob/hannesh/git/phylo-primates-sim/results/2015-11-17-PRIMATES2-1/1790930-314293-563-subtree-replicated.fa	0.00191754554170662	0.857142857142857	0	0	0	447	7	0.731543624161074	255237,78452,867363,132108,9514,31869,30591
0.0511607910576096	1	1	/gulo/glob/hannesh/git/phylo-primates-sim/results/2015-11-17-PRIMATES2-1/165868279-314293-49-subtree-replicated.fa	0.00299529311082585	2.33333333333333	0	1.5	2	779	3	0.92811296534018	9525,1215604,36231
0.0312693415139528	6	1	/gulo/glob/hannesh/git/phylo-primates-sim/results/2015-11-17-PRIMATES2-1/12699001-9443-366-subtree-replicated.fa	0.000725513905683192	0.6	0	0	0	827	10	0.896009673518742	30609,30586,9555,9516,47180,9544,40843,9519,37293,143352
0.0283493369913123	23	2	/gulo/glob/hannesh/git/phylo-primates-sim/results/2015-11-17-PRIMATES2-1/19525684-314293-866-subtree-replicated.fa	0.0329749103942652	15.3333333333333	0	0	0	465	6	0.931182795698925	36223,9470,29089,9598,9495,37588
0.0752884031572556	0	0	/gulo/glob/hannesh/git/phylo-primates-sim/results/2015-11-17-PRIMATES2-1/19070630-9504-6-subtree-replicated.fa	0	0	1	0	0	549	4	0.887067395264117	70927,30596,867377,122222
0.0222901541204942	1.5	2	/gulo/glob/hannesh/git/phylo-primates-sim/results/2015-11-17-PRIMATES2-1/20271124-9443-276-subtree-replicated.fa	0.00793650793650794	3	1	2	1	378	7	0.94973544973545	9508,9507,9509,342807,90382,9556,662464
0.0262915129151291	36	2	/gulo/glob/hannesh/git/phylo-primates-sim/results/2015-11-17-PRIMATES2-1/209980636-314293-937-subtree-replicated.fa	0.0947368421052632	9	1	0	0	95	8	0.926315789473684	75569,30601,27679,9545,9488,9557,43147,867334
0.0101270484257043	2.5	3	/gulo/glob/hannesh/git/phylo-primates-sim/results/2015-11-17-PRIMATES2-1/168831254-13149-7-subtree-replicated.fa	0.00128558310376492	0.777777777777778	0	0	0	605	9	0.975206611570248	255237,60711,9561,9521,47177,224329,83281,402239,9598
0.0083513318934485	0	0	/gulo/glob/hannesh/git/phylo-primates-sim/results/2015-11-17-PRIMATES2-1/19525684-9528-513-subtree-replicated.fa	0.003584229390681	1.66666666666667	0	1	2	465	6	0.980645161290323	34828,867382,402239,43778,9490,9557
0.0891364902506964	9	2	/gulo/glob/hannesh/git/phylo-primates-sim/results/2015-11-17-PRIMATES2-1/158563138-30615-39-subtree-replicated.fa	0.0072803753437955	6.42857142857143	0	0	0	883	7	0.80634201585504	666519,30611,460675,90382,9555,43147,864580
0.169608274647887	44.5	4	/gulo/glob/hannesh/git/phylo-primates-sim/results/2015-11-17-PRIMATES2-1/114224873-9526-90-subtree-replicated.fa	0.0643879173290938	23.8235294117647	2	3.33333333333333	3	370	17	0.472972972972973	30594,412750,412751,122231,30608,867377,261736,122248,57375,34830,111174,30611,9463,89672,30609,261732,34829
0.12088818127541	42.9090909090909	17	/gulo/glob/hannesh/git/phylo-primates-sim/results/2015-11-17-PRIMATES2-1/154933891-9526-623-subtree-replicated.fa	0.100931677018633	65	1	7	2	644	12	0.656832298136646	9502,30590,412750,412751,122231,30608,9565,88029,867377,666519,122248,34829
0.0418263090676884	139	5	/gulo/glob/hannesh/git/phylo-primates-sim/results/2015-11-17-PRIMATES2-1/122892575-9526-851-subtree-replicated.fa	0.188649222065064	266.75	0	0	0	1414	4	0.944837340876945	34830,9470,9530,9478
0.0435797665369649	1.5	6	/gulo/glob/hannesh/git/phylo-primates-sim/results/2015-11-17-PRIMATES2-1/1790970-9526-150-subtree-replicated.fa	0.00386249517188103	3.33333333333333	0	1	1	863	3	0.939745075318656	261739,30594,9586
0.124163420237739	2	2	/gulo/glob/hannesh/git/phylo-primates-sim/results/2015-11-17-PRIMATES2-1/13650000-314293-515-subtree-replicated.fa	0.0826666666666667	93	0	63.5	2	1125	5	0.784	129801,36225,34828,261734,9487
0.0364835692012473	0	0	/gulo/glob/hannesh/git/phylo-primates-sim/results/2015-11-17-PRIMATES2-1/148806607-314293-169-subtree-replicated.fa	0.0541394089781186	43.6363636363636	0	24	2	806	11	0.899503722084367	101278,34828,78451,867363,36228,58710,9487,170207,402244,90383,465717
0.0335691953266415	41.5	2	/gulo/glob/hannesh/git/phylo-primates-sim/results/2015-11-17-PRIMATES2-1/122892610-9443-1731-subtree-replicated.fa	0.150778210116732	193.75	0	203	1	1285	4	0.954085603112841	9447,342807,30594,9508
0.0852678571428571	0	0	/gulo/glob/hannesh/git/phylo-primates-sim/results/2015-11-17-PRIMATES2-1/1619802-9539-47-subtree-replicated.fa	0	0	1	0	0	896	6	0.831473214285714	9447,9502,30590,121123,70927,30596
0.0304610733182161	0	0	/gulo/glob/hannesh/git/phylo-primates-sim/results/2015-11-17-PRIMATES2-1/194239583-314293-1074-subtree-replicated.fa	0	0	0	0	0	630	7	0.926984126984127	9493,36228,34829,371039,356666,208091,132108
0.0788694880142053	7.66666666666667	4	/gulo/glob/hannesh/git/phylo-primates-sim/results/2015-11-17-PRIMATES2-1/224828791-30615-91-subtree-replicated.fa	0.0560836501901141	14.75	0	5.5	2	263	8	0.806083650190114	30611,9536,34829,342401,88029,224329,170207,343908
0.0297175074881071	6	4	/gulo/glob/hannesh/git/phylo-primates-sim/results/2015-11-17-PRIMATES2-1/209980578-9526-591-subtree-replicated.fa	0.0586160108548168	19.6363636363636	0	21	1	335	11	0.916417910447761	9507,70825,9531,9546,78449,54600,83281,33548,9515,412750,236274
0.031084656084656	0	0	/gulo/glob/hannesh/git/phylo-primates-sim/results/2015-11-17-PRIMATES2-1/209980636-9526-592-subtree-replicated.fa	0	0	7	0	0	84	9	0.904761904761905	460675,34828,90381,9542,543559,9601,36229,30591,465717
0.0289330922242315	0	0	/gulo/glob/hannesh/git/phylo-primates-sim/results/2015-11-17-PRIMATES2-1/211908924-376919-50-subtree-replicated.fa	0	0	0	0	0	553	4	0.952983725135624	198702,13514,182256,90384
0.0713677313677313	75.5	3	/gulo/glob/hannesh/git/phylo-primates-sim/results/2015-11-17-PRIMATES2-1/158563252-376915-60-subtree-replicated.fa	0.0285680970149254	15.3125	3	4	2	536	16	0.798507462686567	122222,57374,31869,261734,43147,9523,867332,221704,202457,230833,9525,70825,30596,859983,13515,34828
0.0151565808536721	1	1	/gulo/glob/hannesh/git/phylo-primates-sim/results/2015-11-17-PRIMATES2-1/222139527-9479-50-subtree-replicated.fa	0.002997002997003	1.28571428571429	0	1	1	429	7	0.965034965034965	52232,34828,13514,182256,143352,122232,236272
0.0144927536231882	0	0	/gulo/glob/hannesh/git/phylo-primates-sim/results/2015-11-17-PRIMATES2-1/211908928-9480-47-subtree-replicated.fa	0	0	0	0	0	529	3	0.979206049149338	60711,30601,54602
0.0846790074832612	1	1	/gulo/glob/hannesh/git/phylo-primates-sim/results/2015-11-17-PRIMATES2-1/213389203-9569-4-subtree-replicated.fa	0.00117924528301887	0.5	1	0	0	424	4	0.849056603773585	9447,34825,379532,9507
0.0350674373795761	1	1	/gulo/glob/hannesh/git/phylo-primates-sim/results/2015-11-17-PRIMATES2-1/225194242-376913-406-subtree-replicated.fa	0.0319264069264069	14.75	0	0	0	462	4	0.943722943722944	34828,543559,37295,9488
0.33976833976834	4.6	6	/gulo/glob/hannesh/git/phylo-primates-sim/results/2015-11-17-PRIMATES2-1/209448152-376915-507-subtree-replicated.fa	0.0304692260816575	16.6666666666667	0	3.66666666666667	4	547	3	0.530164533820841	666519,9508,9600
0.00380608974358976	0	0	/gulo/glob/hannesh/git/phylo-primates-sim/results/2015-11-17-PRIMATES2-1/20563173-9513-7-subtree-replicated.fa	0	0	0	0	0	832	4	0.992788461538462	867377,261734,198702,34829
0.0362749390205767	4.75	6	/gulo/glob/hannesh/git/phylo-primates-sim/results/2015-11-17-PRIMATES2-1/158563165-376911-57-subtree-replicated.fa	0.0102183931075937	7.28571428571429	0	2.5	2	713	14	0.868162692847125	9590,89672,129801,36223,100487,310934,9530,9540,9551,30601,70928,9490,30591,236272
0.0313079868924947	5.66666666666667	7	/gulo/glob/hannesh/git/phylo-primates-sim/results/2015-11-17-PRIMATES2-1/18025318-9526-1010-subtree-replicated.fa	0.0108780108780109	7.77777777777778	0	2.5	2	715	9	0.914685314685315	460675,34828,90381,9542,543559,9601,36229,30591,465717
0.0492146596858639	75.5	2	/gulo/glob/hannesh/git/phylo-primates-sim/results/2015-11-17-PRIMATES2-1/225194264-9479-117-subtree-replicated.fa	0.124012638230648	52.3333333333333	0	1	3	422	3	0.943127962085308	9507,147650,342807
0.273228346456693	6.66666666666667	4	/gulo/glob/hannesh/git/phylo-primates-sim/results/2015-11-17-PRIMATES2-1/225194303-9480-122-subtree-replicated.fa	0.0254110612855007	11.3333333333333	0	0	0	446	3	0.632286995515695	1127763,13514,57176
0.0396264512872286	20.6666666666667	4	/gulo/glob/hannesh/git/phylo-primates-sim/results/2015-11-17-PRIMATES2-1/225194293-376913-121-subtree-replicated.fa	0.0315614617940199	9.5	0	1	1	301	8	0.897009966777409	34827,9519,30601,90381,9538,412751,57378,34829
0.0059570059570061	0	0	/gulo/glob/hannesh/git/phylo-primates-sim/results/2015-11-17-PRIMATES2-1/222139527-314293-50-subtree-replicated.fa	0	0	1	0	0	429	9	0.981351981351981	460675,34828,90381,9542,543559,9601,36229,30591,465717
0.0435643564356437	14	9	/gulo/glob/hannesh/git/phylo-primates-sim/results/2015-11-17-PRIMATES2-1/215490188-9443-744-subtree-replicated.fa	0.106697819314642	68.5	0	0	0	642	2	0.965732087227414	1127763,13514
0.213943950786056	2.5	2	/gulo/glob/hannesh/git/phylo-primates-sim/results/2015-11-17-PRIMATES2-1/116634245-376913-194-subtree-replicated.fa	0.0127431254191818	19	0	9	3	1491	5	0.606304493628437	198702,9507,30590,90382,43778
0.102308033732801	10.5	3	/gulo/glob/hannesh/git/phylo-primates-sim/results/2015-11-17-PRIMATES2-1/225194231-314293-111-subtree-replicated.fa	0.0217484008528785	10.2	0	0	0	469	5	0.808102345415778	164648,30602,66265,1126382,867366
0.197630586968228	7	7	/gulo/glob/hannesh/git/phylo-primates-sim/results/2015-11-17-PRIMATES2-1/225194298-9480-121-subtree-replicated.fa	0.021155830753354	13.6666666666667	0	1	1	646	3	0.724458204334365	101278,13514,1127763
0.0818181818181817	14	3	/gulo/glob/hannesh/git/phylo-primates-sim/results/2015-11-17-PRIMATES2-1/225194318-314293-409-subtree-replicated.fa	0.1826801517067	82.5714285714286	0	90	1	452	7	0.831858407079646	111174,263448,121123,61621,402244,78454,70814
0.0461499493414387	0	0	/gulo/glob/hannesh/git/phylo-primates-sim/results/2015-11-17-PRIMATES2-1/12698695-314293-1258-subtree-replicated.fa	0	0	0	0	0	1410	8	0.882978723404255	867377,30590,9510,89672,111174,261732,9482,34829
0.0439056356487549	4.5	2	/gulo/glob/hannesh/git/phylo-primates-sim/results/2015-11-17-PRIMATES2-1/225194308-9479-124-subtree-replicated.fa	0.00293159609120521	1.8	0	0	0	614	5	0.916938110749186	499232,9519,9460,9552,36231
0.00973845297718423	0	0	/gulo/glob/hannesh/git/phylo-primates-sim/results/2015-11-17-PRIMATES2-1/1488061-9526-792-subtree-replicated.fa	0	0	1	0	0	1198	7	0.978297161936561	13515,34828,30589,182253,867333,70814,90385
0.00426959438853314	7	1	/gulo/glob/hannesh/git/phylo-primates-sim/results/2015-11-17-PRIMATES2-1/225194851-9526-1113-subtree-replicated.fa	0.00318181818181818	1.75	0	0	0	550	4	0.992727272727273	198702,13514,182256,90384
0.214784263959391	2.5	2	/gulo/glob/hannesh/git/phylo-primates-sim/results/2015-11-17-PRIMATES2-1/18448483-376911-2-subtree-replicated.fa	0.0121381886087768	13	0	5.33333333333333	4	1071	3	0.695611577964519	52232,164648,30602
0.0246350364963503	61.25	5	/gulo/glob/hannesh/git/phylo-primates-sim/results/2015-11-17-PRIMATES2-1/224923433-9526-341-subtree-replicated.fa	0.141247833622184	81.5	0	0	0	577	6	0.951473136915078	867377,767357,261734,78452,30611,34829
0.0401878914405011	2	4	/gulo/glob/hannesh/git/phylo-primates-sim/results/2015-11-17-PRIMATES2-1/225194356-9479-446-subtree-replicated.fa	0.00721277691911386	4.66666666666667	0	3	1	647	3	0.939721792890263	30589,182253,36231
0.000877192982456143	0	0	/gulo/glob/hannesh/git/phylo-primates-sim/results/2015-11-17-PRIMATES2-1/187609528-376915-211-subtree-replicated.fa	0	0	15	0	0	760	9	0.996052631578947	867377,30590,486960,9510,89672,111174,261732,9482,34829
0.100888888888889	22.2222222222222	12	/gulo/glob/hannesh/git/phylo-primates-sim/results/2015-11-17-PRIMATES2-1/225194325-314293-126-subtree-replicated.fa	0.272151898734177	172	0	44.6666666666667	3	632	4	0.878164556962025	198702,30590,90382,43778
0.0331075996990218	48.6666666666667	5	/gulo/glob/hannesh/git/phylo-primates-sim/results/2015-11-17-PRIMATES2-1/225194348-9479-444-subtree-replicated.fa	0.0513513513513513	30.4	0	0	0	592	5	0.934121621621622	593543,122246,9488,61852,261736
0.0365853658536586	52	1	/gulo/glob/hannesh/git/phylo-primates-sim/results/2015-11-17-PRIMATES2-1/209170675-9526-9-subtree-replicated.fa	0.0764955867930697	66.8571428571429	0	52	1	874	7	0.902745995423341	182256,90384,30586,57176,13557,198702,13514
0.12906976744186	41.25	5	/gulo/glob/hannesh/git/phylo-primates-sim/results/2015-11-17-PRIMATES2-1/225194369-314293-416-subtree-replicated.fa	0.126116071428571	56.5	0	2	1	448	6	0.745535714285714	499232,43777,9495,30588,9465,101278
0.00424084183875306	0	0	/gulo/glob/hannesh/git/phylo-primates-sim/results/2015-11-17-PRIMATES2-1/14571736-314293-867-subtree-replicated.fa	0	0	3	0	0	1149	11	0.988685813751088	867377,30590,486960,9510,9463,34830,111174,89672,261732,9482,34829
0.127856054836253	1.5	3	/gulo/glob/hannesh/git/phylo-primates-sim/results/2015-11-17-PRIMATES2-1/18448483-9443-2-subtree-replicated.fa	0.000760456273764259	0.8	0	0	0	1052	5	0.749049429657795	61851,9519,595220,290597,9472
0.0187425586665131	4.5	9	/gulo/glob/hannesh/git/phylo-primates-sim/results/2015-11-17-PRIMATES2-1/1790970-314293-564-subtree-replicated.fa	0.00664187035069076	6.25	0	0	0	941	8	0.954303931987248	30594,40843,9490,122223,30609,30611,111174,36228
0.00705202312138742	0	0	/gulo/glob/hannesh/git/phylo-primates-sim/results/2015-11-17-PRIMATES2-1/224483384-9527-630-subtree-replicated.fa	0.0201793721973094	18	0	30	1	892	5	0.986547085201794	1090896,30589,182253,90385,290597
0.153143274853801	0	0	/gulo/glob/hannesh/git/phylo-primates-sim/results/2015-11-17-PRIMATES2-1/215253317-9443-167-subtree-replicated.fa	0	0	0	0	0	684	9	0.609649122807018	486960,342401,662464,9478,867377,1090896,9509,9507,34829
0.0484328037784458	2.5	7	/gulo/glob/hannesh/git/phylo-primates-sim/results/2015-11-17-PRIMATES2-1/218454953-30615-10-subtree-replicated.fa	0.00679405520169851	5.33333333333333	0	1.5	3	785	6	0.905732484076433	9447,867377,43147,43777,9525,70825
0.0260600706713781	1	3	/gulo/glob/hannesh/git/phylo-primates-sim/results/2015-11-17-PRIMATES2-1/23379634-314293-800-subtree-replicated.fa	0.0013215859030837	0.6	0	0	0	454	5	0.949339207048458	371039,170207,132108,9548,412752
0.00170306709768975	0	0	/gulo/glob/hannesh/git/phylo-primates-sim/results/2015-11-17-PRIMATES2-1/164459317-9528-376-subtree-replicated.fa	0	0	7	0	0	1153	11	0.996530789245447	182256,9495,356666,78454,9487,291259,122223,263448,36227,13515,34828
0.00794223826714802	0	0	/gulo/glob/hannesh/git/phylo-primates-sim/results/2015-11-17-PRIMATES2-1/23379581-314293-796-subtree-replicated.fa	0	0	0	0	0	554	5	0.983754512635379	371039,170207,132108,9548,412752
0.108805031446541	0	0	/gulo/glob/hannesh/git/phylo-primates-sim/results/2015-11-17-PRIMATES2-1/165875480-9526-708-subtree-replicated.fa	0	0	0	0	0	1590	4	0.812578616352201	9606,310934,465717,30601
0.0430354796320631	148	9	/gulo/glob/hannesh/git/phylo-primates-sim/results/2015-11-17-PRIMATES2-1/122892557-314295-109-subtree-replicated.fa	0.263837312113174	497.333333333333	0	113.5	2	1885	3	0.955968169761273	9508,9495,9600
0.0656414103525882	19.6666666666667	3	/gulo/glob/hannesh/git/phylo-primates-sim/results/2015-11-17-PRIMATES2-1/225194315-9443-737-subtree-replicated.fa	0.0218873340509508	20.3333333333333	0	1	1	929	3	0.905274488697524	101278,13514,1127763
0.163747810858144	0	0	/gulo/glob/hannesh/git/phylo-primates-sim/results/2015-11-17-PRIMATES2-1/224483411-314293-322-subtree-replicated.fa	0.014445399828031	16.8	0	10.5	2	1163	5	0.678417884780739	61851,9544,43780,310352,60711
0.0234267442376871	0	0	/gulo/glob/hannesh/git/phylo-primates-sim/results/2015-11-17-PRIMATES2-1/163964309-314293-109-subtree-replicated.fa	0	0	5	0	0	178	23	0.887640449438202	30589,342807,9516,9557,339999,57374,90384,402888,379532,132108,291259,143352,9478,9447,122222,261741,9525,1127763,30611,34830,9463,164648,9531
0.0324760653275766	3	4	/gulo/glob/hannesh/git/phylo-primates-sim/results/2015-11-17-PRIMATES2-1/23379594-314293-797-subtree-replicated.fa	0.00630797773654916	3.4	0	0	0	539	5	0.929499072356215	371039,170207,132108,9548,412752
0.0538857297590034	30	2	/gulo/glob/hannesh/git/phylo-primates-sim/results/2015-11-17-PRIMATES2-1/197621536-9569-93-subtree-replicated.fa	0.025808936825886	33.5	0	0	0	1298	4	0.911402157164869	9510,864580,88029,402239
0.129482657260435	0	0	/gulo/glob/hannesh/git/phylo-primates-sim/results/2015-11-17-PRIMATES2-1/110628400-314293-265-subtree-replicated.fa	0	0	0	0	0	1512	10	0.619047619047619	867363,9493,34828,9530,88029,83281,9546,9555,143352,412751
0.0576902025177888	0	0	/gulo/glob/hannesh/git/phylo-primates-sim/results/2015-11-17-PRIMATES2-1/22535436-314293-228-subtree-replicated.fa	0.00408496732026144	2.5	0	3	1	612	6	0.879084967320261	9468,9472,30590,61622,595220,9542
0.0181058495821727	24	2	/gulo/glob/hannesh/git/phylo-primates-sim/results/2015-11-17-PRIMATES2-1/2443839-9526-357-subtree-replicated.fa	0.0847058823529412	14.4	0	0	0	170	5	0.970588235294118	9447,867377,43147,9525,70825
0.0556454876568191	0	0	/gulo/glob/hannesh/git/phylo-primates-sim/results/2015-11-17-PRIMATES2-1/225029769-9526-78-subtree-replicated.fa	0	0	0	0	0	1059	8	0.862134088762984	1090896,89672,60711,75567,9523,90382,40843,30601
0.0172457925385551	96.6666666666667	3	/gulo/glob/hannesh/git/phylo-primates-sim/results/2015-11-17-PRIMATES2-1/186973164-9526-930-subtree-replicated.fa	0.030513468013468	36.25	0	0	0	1188	8	0.956228956228956	122222,58710,9488,43778,66062,143353,261736,34828
0.101744601744602	0	0	/gulo/glob/hannesh/git/phylo-primates-sim/results/2015-11-17-PRIMATES2-1/2330897-9498-33-subtree-replicated.fa	0	0	0	0	0	666	7	0.741741741741742	61851,54131,9460,1194336,9544,174599,143353
0.0819609637084477	18.1	13	/gulo/glob/hannesh/git/phylo-primates-sim/results/2015-11-17-PRIMATES2-1/225194267-378855-174-subtree-replicated.fa	0.146676852559205	87.2727272727273	0	9.85714285714286	10	595	11	0.763025210084034	30590,291259,9487,43147,693712,867332,122223,36227,70927,13515,34828
0.225936811168259	7.2	8	/gulo/glob/hannesh/git/phylo-primates-sim/results/2015-11-17-PRIMATES2-1/225194322-314293-125-subtree-replicated.fa	0.0229763167196889	21.6666666666667	0	13	1	943	3	0.691410392364793	1127763,13514,57176
0.261386138613861	21.5	3	/gulo/glob/hannesh/git/phylo-primates-sim/results/2015-11-17-PRIMATES2-1/2330897-314293-34-subtree-replicated.fa	0.0168388825105243	14.6666666666667	0	0	0	871	3	0.648679678530425	34827,342807,9507
0.0238170847888219	66	1	/gulo/glob/hannesh/git/phylo-primates-sim/results/2015-11-17-PRIMATES2-1/197621530-9528-176-subtree-replicated.fa	0.0460282108389013	62	0	61	1	1347	5	0.956198960653304	147650,34828,30602,66062,122246
0.0973704764384274	16.75	4	/gulo/glob/hannesh/git/phylo-primates-sim/results/2015-11-17-PRIMATES2-1/24710942-314293-40-subtree-replicated.fa	0.0473833097595474	9.57142857142857	1	0	0	202	7	0.757425742574257	13557,90382,170207,666519,70927,30596,13514
0.0803571428571429	2	2	/gulo/glob/hannesh/git/phylo-primates-sim/results/2015-11-17-PRIMATES2-1/2642107-9443-169-subtree-replicated.fa	0.0087719298245614	0.666666666666667	1	0	0	76	6	0.828947368421053	36228,90384,78449,122246,30586,9490
0.0464484712272324	2	3	/gulo/glob/hannesh/git/phylo-primates-sim/results/2015-11-17-PRIMATES2-1/226875123-9443-1489-subtree-replicated.fa	0.00833333333333333	4	0	3	1	480	10	0.864583333333333	9593,9597,36229,54602,402888,30598,9586,1127763,9463,111174
0.0382798906288839	9	1	/gulo/glob/hannesh/git/phylo-primates-sim/results/2015-11-17-PRIMATES2-1/24711033-9443-709-subtree-replicated.fa	0.0194805194805195	3.85714285714286	0	0	0	198	7	0.924242424242424	147650,182253,30594,236275,61621,379532,83281
0.0262475936620761	12	1	/gulo/glob/hannesh/git/phylo-primates-sim/results/2015-11-17-PRIMATES2-1/226822987-9443-33-subtree-replicated.fa	0.00177069499778663	1.33333333333333	0	0	0	753	9	0.937583001328021	122222,867382,9557,143352,122232,867363,9493,78451,34828
0.0060386473429952	0	0	/gulo/glob/hannesh/git/phylo-primates-sim/results/2015-11-17-PRIMATES2-1/208690904-9577-328-subtree-replicated.fa	0	0	0	0	0	1656	3	0.991545893719807	9508,9495,9600
0.0123749341758821	0	0	/gulo/glob/hannesh/git/phylo-primates-sim/results/2015-11-17-PRIMATES2-1/242883311-378855-224-subtree-replicated.fa	0	0	0	0	0	633	4	0.977883096366509	57377,61853,9460,9552
0.0320478957562951	0	0	/gulo/glob/hannesh/git/phylo-primates-sim/results/2015-11-17-PRIMATES2-1/23379606-314293-798-subtree-replicated.fa	0	0	0	0	0	631	9	0.893819334389857	34827,236275,412751,548481,379532,78449,147650,70825,75569
0.0693891102257637	3	2	/gulo/glob/hannesh/git/phylo-primates-sim/results/2015-11-17-PRIMATES2-1/242886344-378855-229-subtree-replicated.fa	0.00297029702970297	1.5	0	0	0	505	4	0.875247524752475	57377,61853,9460,9552
0.0218435998252512	0	0	/gulo/glob/hannesh/git/phylo-primates-sim/results/2015-11-17-PRIMATES2-1/242882662-378855-223-subtree-replicated.fa	0	0	0	0	0	763	4	0.963302752293578	57377,61853,9460,9552
0.0889845241827457	4.25	11	/gulo/glob/hannesh/git/phylo-primates-sim/results/2015-11-17-PRIMATES2-1/12700641-314293-170-subtree-replicated.fa	0.00910064239828694	8.5	0	2	4	934	20	0.588865096359743	121123,47180,78454,33548,9460,83281,90383,75567,236275,412751,548481,57176,29089,499232,57378,164648,36223,9568,9525,70825
0.121551724137931	3	1	/gulo/glob/hannesh/git/phylo-primates-sim/results/2015-11-17-PRIMATES2-1/2373462-314293-597-subtree-replicated.fa	0.000938673341677096	0.176470588235294	1	0	0	188	17	0.553191489361702	373033,36223,9534,9536,57377,261739,9525,70927,30596,34828,30602,9502,9516,36229,9597,90381,54601
0.0432692307692306	1	2	/gulo/glob/hannesh/git/phylo-primates-sim/results/2015-11-17-PRIMATES2-1/242886836-9498-152-subtree-replicated.fa	0.0008	0.4	0	0	0	500	5	0.916	30594,174599,100937,9593,867377
0.044272028254008	1	3	/gulo/glob/hannesh/git/phylo-primates-sim/results/2015-11-17-PRIMATES2-1/20563179-9479-59-subtree-replicated.fa	0.000583333333333333	0.28	2	0	0	480	25	0.81875	30589,182253,121123,867382,61621,9514,37295,9516,412750,412751,122231,30608,9565,867377,122248,9606,261736,34830,111174,30611,9463,89672,30609,261732,34829
0.0284961349262123	0	0	/gulo/glob/hannesh/git/phylo-primates-sim/results/2015-11-17-PRIMATES2-1/223673496-314293-279-subtree-replicated.fa	0.0176723296231205	10.0555555555556	4	5.5	2	569	18	0.898066783831283	30594,486960,412750,412751,122231,30608,867377,261736,122248,57375,34830,111174,30611,9463,89672,30609,261732,34829
0.0208346184689409	75	2	/gulo/glob/hannesh/git/phylo-primates-sim/results/2015-11-17-PRIMATES2-1/218675584-9443-1697-subtree-replicated.fa	0.0145971195017517	10.7142857142857	1	0	0	734	14	0.912806539509537	182253,236275,9565,221704,202457,61852,379532,83281,90381,13557,373033,9536,9482,13514
0.142400393507132	47.6923076923077	15	/gulo/glob/hannesh/git/phylo-primates-sim/results/2015-11-17-PRIMATES2-1/122892631-9526-868-subtree-replicated.fa	0.189130434782609	369.75	0	95	3	1955	4	0.79846547314578	34830,9470,9530,9478
0.00864477161192889	6	1	/gulo/glob/hannesh/git/phylo-primates-sim/results/2015-11-17-PRIMATES2-1/16304314-376913-855-subtree-replicated.fa	0.000452591083955646	0.666666666666667	0	0	0	1473	9	0.976238968092329	30590,66265,290597,867332,122223,70927,13515,34828,310934
0.0166666666666667	0	0	/gulo/glob/hannesh/git/phylo-primates-sim/results/2015-11-17-PRIMATES2-1/27356803-9526-898-subtree-replicated.fa	0	0	1	0	0	84	5	0.964285714285714	1127763,100224,412752,1194336,83281
0.0175596578117964	51.75	4	/gulo/glob/hannesh/git/phylo-primates-sim/results/2015-11-17-PRIMATES2-1/2642651-9526-359-subtree-replicated.fa	0.17984496124031	38.6666666666667	3	0	0	215	6	0.967441860465116	867377,486960,1090896,9509,9507,34829
0.0324921135646687	3	2	/gulo/glob/hannesh/git/phylo-primates-sim/results/2015-11-17-PRIMATES2-1/242883758-9479-149-subtree-replicated.fa	0.00287807430664574	1.83333333333333	0	1	1	637	6	0.924646781789639	75569,9507,989338,402239,9600,9557
0.0807059114781348	2.5	3	/gulo/glob/hannesh/git/phylo-primates-sim/results/2015-11-17-PRIMATES2-1/20563173-314293-59-subtree-replicated.fa	0.00433677284282937	3.22222222222222	1	3	1	743	18	0.720053835800808	30594,486960,412750,412751,122231,30608,867377,261736,122248,57375,34830,111174,30611,9463,89672,30609,261732,34829
0.0358333333333334	0	0	/gulo/glob/hannesh/git/phylo-primates-sim/results/2015-11-17-PRIMATES2-1/22798995-9528-515-subtree-replicated.fa	0	0	0	0	0	880	6	0.919318181818182	34828,867382,402239,43778,9490,9557
0.0778837343468965	3.33333333333333	8	/gulo/glob/hannesh/git/phylo-primates-sim/results/2015-11-17-PRIMATES2-1/10945331-9526-829-subtree-replicated.fa	0.00357769677332253	5.88888888888889	0	1	4	1646	9	0.800729040097205	486960,342401,662464,9478,867377,1090896,9509,9507,34829
0.0352463716970312	1	5	/gulo/glob/hannesh/git/phylo-primates-sim/results/2015-11-17-PRIMATES2-1/242881759-376913-145-subtree-replicated.fa	0.00105652403592182	0.666666666666667	0	0	0	631	9	0.89540412044374	100224,554167,867366,100937,9598,9521,9572,30598,9552
0.0295142248887168	2	2	/gulo/glob/hannesh/git/phylo-primates-sim/results/2015-11-17-PRIMATES2-1/242883906-9479-150-subtree-replicated.fa	0.00264932562620424	1.83333333333333	0	1	1	692	6	0.939306358381503	75569,9507,989338,402239,9600,9557
0.0354099324125773	0	0	/gulo/glob/hannesh/git/phylo-primates-sim/results/2015-11-17-PRIMATES2-1/242884615-9498-150-subtree-replicated.fa	0.0277620396600567	19.6	0	6.25	5	706	5	0.937677053824363	30594,174599,100937,9593,867377
0.132823052678973	6.6	5	/gulo/glob/hannesh/git/phylo-primates-sim/results/2015-11-17-PRIMATES2-1/22535928-9479-400-subtree-replicated.fa	0.00732031943212067	8.25	0	0	0	1127	4	0.768411712511091	34828,30589,864580,36231
0.00368271954674226	0	0	/gulo/glob/hannesh/git/phylo-primates-sim/results/2015-11-17-PRIMATES2-1/23268672-9528-590-subtree-replicated.fa	0	0	1	0	0	1059	5	0.992445703493862	30589,182253,9487,122223,1090896
0.0413553895410885	23	6	/gulo/glob/hannesh/git/phylo-primates-sim/results/2015-11-17-PRIMATES2-1/242885375-9498-151-subtree-replicated.fa	0.034956304619226	28	0	0	0	801	5	0.926342072409488	30594,174599,100937,9593,867377
0.0451376510200041	10.6666666666667	4	/gulo/glob/hannesh/git/phylo-primates-sim/results/2015-11-17-PRIMATES2-1/224483435-9526-632-subtree-replicated.fa	0.00353982300884956	4	0	0	0	1130	10	0.86283185840708	30590,236275,9478,132108,90382,9593,593543,75569,9590,100224
0.0525193798449612	0	0	/gulo/glob/hannesh/git/phylo-primates-sim/results/2015-11-17-PRIMATES2-1/19070624-9479-4-subtree-replicated.fa	0	0	5	0	0	688	25	0.787790697674419	30589,182253,121123,867382,61621,9514,37295,9516,412750,412751,122231,30608,9565,867377,122248,9606,261736,34830,111174,30611,9463,89672,30609,261732,34829
0.0133301164123288	3	1	/gulo/glob/hannesh/git/phylo-primates-sim/results/2015-11-17-PRIMATES2-1/208690888-9528-136-subtree-replicated.fa	0.00072289156626506	1.2	0	0	0	1660	5	0.976506024096386	13515,34828,30589,182253,90385
0.0181889852460863	1	1	/gulo/glob/hannesh/git/phylo-primates-sim/results/2015-11-17-PRIMATES2-1/227016640-9479-110-subtree-replicated.fa	0.000937207122774133	0.909090909090909	0	1	1	970	11	0.952577319587629	78452,89672,34830,30609,90382,54601,54600,83281,290597,9586,412752
0.14821900566394	9.5	6	/gulo/glob/hannesh/git/phylo-primates-sim/results/2015-11-17-PRIMATES2-1/22798995-314293-868-subtree-replicated.fa	0.0156192800488102	11.6363636363636	0	0	0	745	11	0.54496644295302	9493,9472,13514,47180,37295,61621,61622,379532,30601,9521,662464
0.0258115419296664	3	2	/gulo/glob/hannesh/git/phylo-primates-sim/results/2015-11-17-PRIMATES2-1/197621539-314295-162-subtree-replicated.fa	0.00045045045045045	0.666666666666667	0	0	0	1480	9	0.923648648648649	460675,34828,90381,9542,543559,9601,36229,30591,465717
0.0340239691245174	12	3	/gulo/glob/hannesh/git/phylo-primates-sim/results/2015-11-17-PRIMATES2-1/208690888-314293-554-subtree-replicated.fa	0.0054249547920434	9	0	0	0	1659	4	0.943942133815552	61851,310352,43780,339999
0.166805209199224	5.83333333333333	10	/gulo/glob/hannesh/git/phylo-primates-sim/results/2015-11-17-PRIMATES2-1/22535918-9479-399-subtree-replicated.fa	0.0129554655870445	16	0	0	0	1235	4	0.71497975708502	34828,30589,864580,36231
0.0237884720643341	0	0	/gulo/glob/hannesh/git/phylo-primates-sim/results/2015-11-17-PRIMATES2-1/225030229-9526-79-subtree-replicated.fa	0	0	0	0	0	1044	14	0.913793103448276	9593,13557,767357,54601,90385,9538,373033,261736,460675,36225,52232,9510,101278,255237
0.0698412698412699	0	0	/gulo/glob/hannesh/git/phylo-primates-sim/results/2015-11-17-PRIMATES2-1/239859940-9443-279-subtree-replicated.fa	0	0	0	0	0	1170	7	0.825641025641026	9507,34829,222416,412752,9565,9516,100937
0.0524211311036563	5.66666666666667	6	/gulo/glob/hannesh/git/phylo-primates-sim/results/2015-11-17-PRIMATES2-1/2266942-9479-382-subtree-replicated.fa	0.00604473100947008	8.57142857142857	0	1.5	4	1418	7	0.866713681241185	111174,263448,121123,61621,402244,78454,70814
0.142919823818283	7.16666666666667	10	/gulo/glob/hannesh/git/phylo-primates-sim/results/2015-11-17-PRIMATES2-1/17223570-9526-815-subtree-replicated.fa	0.100262279446829	186.888888888889	0	16	16	1864	9	0.646995708154506	57378,34830,34829,9530,342807,342401,9478,43780,37295
0.030690909090909	0	0	/gulo/glob/hannesh/git/phylo-primates-sim/results/2015-11-17-PRIMATES2-1/23379718-314293-804-subtree-replicated.fa	0.00520231213872832	7.2	0	3.5	4	1384	5	0.934971098265896	371039,170207,132108,9548,412752
0.0773258858439518	3	1	/gulo/glob/hannesh/git/phylo-primates-sim/results/2015-11-17-PRIMATES2-1/23379694-314293-803-subtree-replicated.fa	0.000523103748910201	0.6	0	0	0	1147	5	0.846556233653008	371039,170207,132108,9548,412752
0.0704862607312141	64.2	7	/gulo/glob/hannesh/git/phylo-primates-sim/results/2015-11-17-PRIMATES2-1/176629-314293-223-subtree-replicated.fa	0.0904811715481172	173	0	69	2	1912	9	0.811192468619247	460675,34828,90381,9542,543559,9601,36229,30591,465717
0.0310041805306714	2	5	/gulo/glob/hannesh/git/phylo-primates-sim/results/2015-11-17-PRIMATES2-1/197089880-376913-253-subtree-replicated.fa	0.0151233482389589	23.1538461538462	0	6.75	4	1531	13	0.888961463096016	75569,198702,60711,379532,543559,291259,90385,43780,30588,57176,30591,310352,143353
0.122186495176849	0	0	/gulo/glob/hannesh/git/phylo-primates-sim/results/2015-11-17-PRIMATES2-1/164633021-314293-448-subtree-replicated.fa	0	0	0	0	0	2488	3	0.823553054662379	13557,343908,415757
0.0757572041692214	16.0909090909091	20	/gulo/glob/hannesh/git/phylo-primates-sim/results/2015-11-17-PRIMATES2-1/18071500-314293-819-subtree-replicated.fa	0.0728420222207613	158.285714285714	0	26.5	7	2173	7	0.857800276115969	13515,34828,30589,182253,867333,70814,90385
0.000497339235092209	100	2	/gulo/glob/hannesh/git/phylo-primates-sim/results/2015-11-17-PRIMATES2-1/125630781-314295-457-subtree-replicated.fa	0.0145053669857847	33.3333333333333	3	0	0	2298	9	0.997824194952132	460675,34828,90381,9542,543559,9601,36229,30591,465717
0.095498751129298	110.2	7	/gulo/glob/hannesh/git/phylo-primates-sim/results/2015-11-17-PRIMATES2-1/13129578-9527-0-subtree-replicated.fa	0.0506194347657762	116.222222222222	0	16.3333333333333	6	2296	9	0.771341463414634	486960,342401,662464,9478,867377,1090896,9509,9507,34829
0.0518962075848305	71.125	13	/gulo/glob/hannesh/git/phylo-primates-sim/results/2015-11-17-PRIMATES2-1/122892564-314295-111-subtree-replicated.fa	0.0735812578187194	215.666666666667	0	5.5	4	2931	3	0.934152166496076	9508,9495,9600
0.0486417294837149	31.8888888888889	10	/gulo/glob/hannesh/git/phylo-primates-sim/results/2015-11-17-PRIMATES2-1/122892584-314295-118-subtree-replicated.fa	0.140882159315339	428	0	108	4	3038	3	0.943712969058591	9508,9495,9600
0.03774467472654	118	9	/gulo/glob/hannesh/git/phylo-primates-sim/results/2015-11-17-PRIMATES2-1/164633043-9443-963-subtree-replicated.fa	0.110662525879917	267.25	0	19.3333333333333	7	2415	8	0.910973084886128	9510,9590,9606,310934,867382,9514,170207,202457
0.0136648292978557	3.33333333333333	4	/gulo/glob/hannesh/git/phylo-primates-sim/results/2015-11-17-PRIMATES2-1/164652843-9528-128-subtree-replicated.fa	0.0360660486674392	93.375	0	11	6	2589	8	0.965623792970259	9483,9508,9507,9509,34828,342807,90382,9556
0.0163433399414707	0	0	/gulo/glob/hannesh/git/phylo-primates-sim/results/2015-11-17-PRIMATES2-1/164652833-314293-546-subtree-replicated.fa	0.000377447511205473	0.888888888888889	0	1	1	2355	9	0.948619957537155	36223,182256,122246,9460,90384,9544,9516,29089,864581
0.171463528315078	26	3	/gulo/glob/hannesh/git/phylo-primates-sim/results/2015-11-17-PRIMATES2-1/1843609-314293-268-subtree-replicated.fa	0.0345550894237138	89.4285714285714	0	38.6666666666667	4	2588	7	0.62210200927357	9525,1215604,261741,60711,465717,30601,30598
0.0573501770337019	39.9	22	/gulo/glob/hannesh/git/phylo-primates-sim/results/2015-11-17-PRIMATES2-1/169635012-9443-1208-subtree-replicated.fa	0.0289935707220574	117.25	0	1.5	4	4044	4	0.9013353115727	34827,864581,37295,9556
0.0505793636196432	152.111111111111	14	/gulo/glob/hannesh/git/phylo-primates-sim/results/2015-11-17-PRIMATES2-1/122892601-376913-1185-subtree-replicated.fa	0.130868419177887	612.333333333333	0	52.6666666666667	3	4679	3	0.938875828168412	9508,9495,9600
0.0484538073026229	382.636363636364	15	/gulo/glob/hannesh/git/phylo-primates-sim/results/2015-11-17-PRIMATES2-1/122892552-314293-1170-subtree-replicated.fa	0.252367196276681	1048.33333333333	0	116.714285714286	11	4154	9	0.895040924410207	61851,90381,9546,54600,9460,43780,310352,9586,864581
