name	forma	varietas	subspecies	species	species subgroup	species group	subgenus	genus	subtribe	tribe	subfamily	family	superfamily	parvorder	infraorder	suborder	order	superorder	infraclass	subclass	class	superclass	subphylum	phylum	superphylum	subkingdom	kingdom	superkingdom
Allocebus_trichotis	NA	NA	NA	122248	NA	NA	NA	122247	NA	NA	NA	30615	NA	NA	376915	376911	9443	314146	NA	NA	40674	7776	89593	7711	NA	NA	33208	2759
Ateles_geoffroyi	NA	NA	NA	9509	NA	NA	NA	9506	NA	NA	38068	378855	NA	9479	314293	376913	9443	314146	NA	NA	40674	7776	89593	7711	NA	NA	33208	2759
Arctocebus_calabarensis	NA	NA	NA	261739	NA	NA	NA	261738	NA	NA	NA	9461	NA	NA	376916	376911	9443	314146	NA	NA	40674	7776	89593	7711	NA	NA	33208	2759
Lepilemur_jamesi	NA	NA	NA	486960	NA	NA	NA	9452	NA	NA	NA	30614	NA	NA	376915	376911	9443	314146	NA	NA	40674	7776	89593	7711	NA	NA	33208	2759
Hapalemur_occidentalis	NA	NA	NA	867377	NA	NA	NA	13556	NA	NA	NA	9445	NA	NA	376915	376911	9443	314146	NA	NA	40674	7776	89593	7711	NA	NA	33208	2759
Euoticus_elegantulus	NA	NA	NA	261736	NA	NA	NA	261735	NA	NA	NA	40297	NA	NA	376917	376911	9443	314146	NA	NA	40674	7776	89593	7711	NA	NA	33208	2759
Hapalemur_aureus	NA	NA	NA	122222	NA	NA	NA	13556	NA	NA	NA	9445	NA	NA	376915	376911	9443	314146	NA	NA	40674	7776	89593	7711	NA	NA	33208	2759
Alouatta_guariba	NA	NA	NA	182256	NA	NA	NA	9499	NA	NA	38066	378855	NA	9479	314293	376913	9443	314146	NA	NA	40674	7776	89593	7711	NA	NA	33208	2759
Hapalemur_simus	NA	NA	NA	122223	NA	NA	NA	13556	NA	NA	NA	9445	NA	NA	376915	376911	9443	314146	NA	NA	40674	7776	89593	7711	NA	NA	33208	2759
Lepilemur_ankaranensis	NA	NA	NA	342401	NA	NA	NA	9452	NA	NA	NA	30614	NA	NA	376915	376911	9443	314146	NA	NA	40674	7776	89593	7711	NA	NA	33208	2759
Gorilla_gorilla	NA	NA	NA	9593	NA	NA	NA	9592	NA	NA	207598	9604	314295	9526	314293	376913	9443	314146	NA	NA	40674	7776	89593	7711	NA	NA	33208	2759
Pan_paniscus	NA	NA	NA	9597	NA	NA	NA	9596	NA	NA	207598	9604	314295	9526	314293	376913	9443	314146	NA	NA	40674	7776	89593	7711	NA	NA	33208	2759
Erythrocebus_patas	NA	NA	NA	9538	NA	NA	NA	9537	NA	NA	9528	9527	314294	9526	314293	376913	9443	314146	NA	NA	40674	7776	89593	7711	NA	NA	33208	2759
Symphalangus_syndactylus	NA	NA	NA	9590	NA	NA	NA	325166	NA	NA	NA	9577	314295	9526	314293	376913	9443	314146	NA	NA	40674	7776	89593	7711	NA	NA	33208	2759
Mandrillus_sphinx	NA	NA	NA	9561	NA	NA	NA	9567	NA	NA	9528	9527	314294	9526	314293	376913	9443	314146	NA	NA	40674	7776	89593	7711	NA	NA	33208	2759
Pan_troglodytes	NA	NA	NA	9598	NA	NA	NA	9596	NA	NA	207598	9604	314295	9526	314293	376913	9443	314146	NA	NA	40674	7776	89593	7711	NA	NA	33208	2759
Cercocebus_torquatus	NA	NA	NA	9530	NA	NA	NA	9529	NA	NA	9528	9527	314294	9526	314293	376913	9443	314146	NA	NA	40674	7776	89593	7711	NA	NA	33208	2759
Miopithecus_talapoin	NA	NA	NA	36231	NA	NA	NA	36230	NA	NA	9528	9527	314294	9526	314293	376913	9443	314146	NA	NA	40674	7776	89593	7711	NA	NA	33208	2759
Trachypithecus_delacouri	NA	NA	NA	465717	NA	NA	NA	54136	NA	NA	9569	9527	314294	9526	314293	376913	9443	314146	NA	NA	40674	7776	89593	7711	NA	NA	33208	2759
Ateles_fusciceps	NA	NA	NA	9508	NA	NA	NA	9506	NA	NA	38068	378855	NA	9479	314293	376913	9443	314146	NA	NA	40674	7776	89593	7711	NA	NA	33208	2759
Trachypithecus_auratus	NA	NA	NA	222416	NA	NA	NA	54136	NA	NA	9569	9527	314294	9526	314293	376913	9443	314146	NA	NA	40674	7776	89593	7711	NA	NA	33208	2759
Indri_indri	NA	NA	NA	34827	NA	NA	NA	34826	NA	NA	NA	30599	NA	NA	376915	376911	9443	314146	NA	NA	40674	7776	89593	7711	NA	NA	33208	2759
Varecia_variegata	NA	NA	NA	9455	NA	NA	NA	9454	NA	NA	NA	9445	NA	NA	376915	376911	9443	314146	NA	NA	40674	7776	89593	7711	NA	NA	33208	2759
Simias_concolor	NA	NA	NA	170207	NA	NA	NA	1203020	NA	NA	9569	9527	314294	9526	314293	376913	9443	314146	NA	NA	40674	7776	89593	7711	NA	NA	33208	2759
Mirza_coquereli	NA	NA	NA	47180	NA	NA	NA	83691	NA	NA	NA	30615	NA	NA	376915	376911	9443	314146	NA	NA	40674	7776	89593	7711	NA	NA	33208	2759
Varecia_rubra	NA	NA	NA	554167	NA	NA	NA	9454	NA	NA	NA	9445	NA	NA	376915	376911	9443	314146	NA	NA	40674	7776	89593	7711	NA	NA	33208	2759
Mandrillus_leucophaeus	NA	NA	NA	9568	NA	NA	NA	9567	NA	NA	9528	9527	314294	9526	314293	376913	9443	314146	NA	NA	40674	7776	89593	7711	NA	NA	33208	2759
Semnopithecus_hector	NA	NA	NA	867382	NA	NA	NA	88028	NA	NA	9569	9527	314294	9526	314293	376913	9443	314146	NA	NA	40674	7776	89593	7711	NA	NA	33208	2759
Mirza_zaza	NA	NA	NA	339999	NA	NA	NA	83691	NA	NA	NA	30615	NA	NA	376915	376911	9443	314146	NA	NA	40674	7776	89593	7711	NA	NA	33208	2759
Alouatta_pigra	NA	NA	NA	182253	NA	NA	NA	9499	NA	NA	38066	378855	NA	9479	314293	376913	9443	314146	NA	NA	40674	7776	89593	7711	NA	NA	33208	2759
Alouatta_caraya	NA	NA	NA	9502	NA	NA	NA	9499	NA	NA	38066	378855	NA	9479	314293	376913	9443	314146	NA	NA	40674	7776	89593	7711	NA	NA	33208	2759
Procolobus_verus	NA	NA	NA	373033	NA	NA	NA	164647	NA	NA	9569	9527	314294	9526	314293	376913	9443	314146	NA	NA	40674	7776	89593	7711	NA	NA	33208	2759
Hoolock_hoolock	NA	NA	NA	61851	NA	NA	NA	325167	NA	NA	NA	9577	314295	9526	314293	376913	9443	314146	NA	NA	40674	7776	89593	7711	NA	NA	33208	2759
Eulemur_albifrons	NA	NA	NA	1215604	NA	NA	NA	13513	NA	NA	NA	9445	NA	NA	376915	376911	9443	314146	NA	NA	40674	7776	89593	7711	NA	NA	33208	2759
Pithecia_monachus	NA	NA	NA	595220	NA	NA	NA	30597	NA	NA	38039	376919	NA	9479	314293	376913	9443	314146	NA	NA	40674	7776	89593	7711	NA	NA	33208	2759
Ateles_paniscus	NA	NA	NA	9510	NA	NA	NA	9506	NA	NA	38068	378855	NA	9479	314293	376913	9443	314146	NA	NA	40674	7776	89593	7711	NA	NA	33208	2759
Ateles_hybridus	NA	NA	NA	129801	NA	NA	NA	9506	NA	NA	38068	378855	NA	9479	314293	376913	9443	314146	NA	NA	40674	7776	89593	7711	NA	NA	33208	2759
Alouatta_palliata	NA	NA	NA	30589	NA	NA	NA	9499	NA	NA	38066	378855	NA	9479	314293	376913	9443	314146	NA	NA	40674	7776	89593	7711	NA	NA	33208	2759
Ateles_belzebuth	NA	NA	NA	9507	NA	NA	NA	9506	NA	NA	38068	378855	NA	9479	314293	376913	9443	314146	NA	NA	40674	7776	89593	7711	NA	NA	33208	2759
Macaca_brunnescens	NA	NA	NA	90381	NA	NA	NA	9539	NA	NA	9528	9527	314294	9526	314293	376913	9443	314146	NA	NA	40674	7776	89593	7711	NA	NA	33208	2759
Rungwecebus_kipunji	NA	NA	NA	371039	NA	NA	NA	371038	NA	NA	9528	9527	314294	9526	314293	376913	9443	314146	NA	NA	40674	7776	89593	7711	NA	NA	33208	2759
Cacajao_melanocephalus	NA	NA	NA	70825	NA	NA	NA	30595	NA	NA	38039	376919	NA	9479	314293	376913	9443	314146	NA	NA	40674	7776	89593	7711	NA	NA	33208	2759
Chlorocebus_cynosuros	NA	NA	NA	460675	NA	NA	NA	392815	NA	NA	9528	9527	314294	9526	314293	376913	9443	314146	NA	NA	40674	7776	89593	7711	NA	NA	33208	2759
Theropithecus_gelada	NA	NA	NA	9565	NA	NA	NA	9564	NA	NA	9528	9527	314294	9526	314293	376913	9443	314146	NA	NA	40674	7776	89593	7711	NA	NA	33208	2759
Cercocebus_galeritus	NA	NA	NA	9532	NA	NA	NA	9529	NA	NA	9528	9527	314294	9526	314293	376913	9443	314146	NA	NA	40674	7776	89593	7711	NA	NA	33208	2759
Lemur_catta	NA	NA	NA	9447	NA	NA	NA	9446	NA	NA	NA	9445	NA	NA	376915	376911	9443	314146	NA	NA	40674	7776	89593	7711	NA	NA	33208	2759
Nasalis_larvatus	NA	NA	NA	43780	NA	NA	NA	43779	NA	NA	9569	9527	314294	9526	314293	376913	9443	314146	NA	NA	40674	7776	89593	7711	NA	NA	33208	2759
Cercocebus_agilis	NA	NA	NA	255237	NA	NA	NA	9529	NA	NA	9528	9527	314294	9526	314293	376913	9443	314146	NA	NA	40674	7776	89593	7711	NA	NA	33208	2759
Hoolock_leuconedys	NA	NA	NA	593543	NA	NA	NA	325167	NA	NA	NA	9577	314295	9526	314293	376913	9443	314146	NA	NA	40674	7776	89593	7711	NA	NA	33208	2759
Homo_sapiens	NA	NA	NA	9606	NA	NA	NA	9605	NA	NA	207598	9604	314295	9526	314293	376913	9443	314146	NA	NA	40674	7776	89593	7711	NA	NA	33208	2759
Cebus_capucinus	NA	NA	NA	9516	NA	NA	NA	9513	NA	NA	38070	9498	NA	9479	314293	376913	9443	314146	NA	NA	40674	7776	89593	7711	NA	NA	33208	2759
Aotus_vociferans	NA	NA	NA	57176	NA	NA	NA	9504	NA	NA	NA	376918	NA	9479	314293	376913	9443	314146	NA	NA	40674	7776	89593	7711	NA	NA	33208	2759
Cercocebus_chrysogaster	NA	NA	NA	75569	NA	NA	NA	9529	NA	NA	9528	9527	314294	9526	314293	376913	9443	314146	NA	NA	40674	7776	89593	7711	NA	NA	33208	2759
Piliocolobus_badius	NA	NA	NA	164648	NA	NA	NA	591932	NA	NA	9569	9527	314294	9526	314293	376913	9443	314146	NA	NA	40674	7776	89593	7711	NA	NA	33208	2759
Alouatta_sara	NA	NA	NA	121123	NA	NA	NA	9499	NA	NA	38066	378855	NA	9479	314293	376913	9443	314146	NA	NA	40674	7776	89593	7711	NA	NA	33208	2759
Cercocebus_atys	NA	NA	NA	9531	NA	NA	NA	9529	NA	NA	9528	9527	314294	9526	314293	376913	9443	314146	NA	NA	40674	7776	89593	7711	NA	NA	33208	2759
Semnopithecus_entellus	NA	NA	NA	88029	NA	NA	NA	88028	NA	NA	9569	9527	314294	9526	314293	376913	9443	314146	NA	NA	40674	7776	89593	7711	NA	NA	33208	2759
Eulemur_macaco	NA	NA	NA	30602	NA	NA	NA	13513	NA	NA	NA	9445	NA	NA	376915	376911	9443	314146	NA	NA	40674	7776	89593	7711	NA	NA	33208	2759
Aotus_nigriceps	NA	NA	NA	57175	NA	NA	NA	9504	NA	NA	NA	376918	NA	9479	314293	376913	9443	314146	NA	NA	40674	7776	89593	7711	NA	NA	33208	2759
Cebus_xanthosternos	NA	NA	NA	174599	NA	NA	NA	9513	NA	NA	38070	9498	NA	9479	314293	376913	9443	314146	NA	NA	40674	7776	89593	7711	NA	NA	33208	2759
Loris_tardigradus	NA	NA	NA	9468	NA	NA	NA	9467	NA	NA	NA	9461	NA	NA	376916	376911	9443	314146	NA	NA	40674	7776	89593	7711	NA	NA	33208	2759
Alouatta_belzebul	NA	NA	NA	30590	NA	NA	NA	9499	NA	NA	38066	378855	NA	9479	314293	376913	9443	314146	NA	NA	40674	7776	89593	7711	NA	NA	33208	2759
Hapalemur_griseus	NA	NA	NA	13557	NA	NA	NA	13556	NA	NA	NA	9445	NA	NA	376915	376911	9443	314146	NA	NA	40674	7776	89593	7711	NA	NA	33208	2759
Gorilla_beringei	NA	NA	NA	499232	NA	NA	NA	9592	NA	NA	207598	9604	314295	9526	314293	376913	9443	314146	NA	NA	40674	7776	89593	7711	NA	NA	33208	2759
Callimico_goeldii	NA	NA	NA	9495	NA	NA	NA	9494	NA	NA	9480	9498	NA	9479	314293	376913	9443	314146	NA	NA	40674	7776	89593	7711	NA	NA	33208	2759
Tarsius_syrichta	NA	NA	NA	9478	NA	NA	NA	9476	NA	NA	NA	9475	NA	NA	376912	376913	9443	314146	NA	NA	40674	7776	89593	7711	NA	NA	33208	2759
Cebus_olivaceus	NA	NA	NA	37295	NA	NA	NA	9513	NA	NA	38070	9498	NA	9479	314293	376913	9443	314146	NA	NA	40674	7776	89593	7711	NA	NA	33208	2759
Lagothrix_lagotricha	NA	NA	NA	9519	NA	NA	NA	9518	NA	NA	38068	378855	NA	9479	314293	376913	9443	314146	NA	NA	40674	7776	89593	7711	NA	NA	33208	2759
Chiropotes_albinasus	NA	NA	NA	198627	NA	NA	NA	9524	NA	NA	38039	376919	NA	9479	314293	376913	9443	314146	NA	NA	40674	7776	89593	7711	NA	NA	33208	2759
Aotus_azarai	NA	NA	NA	30591	NA	NA	NA	9504	NA	NA	NA	376918	NA	9479	314293	376913	9443	314146	NA	NA	40674	7776	89593	7711	NA	NA	33208	2759
Brachyteles_arachnoides	NA	NA	NA	30594	NA	NA	NA	30593	NA	NA	38068	378855	NA	9479	314293	376913	9443	314146	NA	NA	40674	7776	89593	7711	NA	NA	33208	2759
Tarsius_tarsier	NA	NA	NA	662464	NA	NA	NA	9476	NA	NA	NA	9475	NA	NA	376912	376913	9443	314146	NA	NA	40674	7776	89593	7711	NA	NA	33208	2759
Pithecia_pithecia	NA	NA	NA	43777	NA	NA	NA	30597	NA	NA	38039	376919	NA	9479	314293	376913	9443	314146	NA	NA	40674	7776	89593	7711	NA	NA	33208	2759
Leontopithecus_chrysopygus	NA	NA	NA	58710	NA	NA	NA	30587	NA	NA	9480	9498	NA	9479	314293	376913	9443	314146	NA	NA	40674	7776	89593	7711	NA	NA	33208	2759
Microcebus_sambiranensis	NA	NA	NA	143353	NA	NA	NA	13149	NA	NA	NA	30615	NA	NA	376915	376911	9443	314146	NA	NA	40674	7776	89593	7711	NA	NA	33208	2759
Aotus_trivirgatus	NA	NA	NA	9505	NA	NA	NA	9504	NA	NA	NA	376918	NA	9479	314293	376913	9443	314146	NA	NA	40674	7776	89593	7711	NA	NA	33208	2759
Galago_moholi	NA	NA	NA	30609	NA	NA	NA	9462	NA	NA	NA	40297	NA	NA	376917	376911	9443	314146	NA	NA	40674	7776	89593	7711	NA	NA	33208	2759
Eulemur_coronatus	NA	NA	NA	13514	NA	NA	NA	13513	NA	NA	NA	9445	NA	NA	376915	376911	9443	314146	NA	NA	40674	7776	89593	7711	NA	NA	33208	2759
Eulemur_mongoz	NA	NA	NA	34828	NA	NA	NA	13513	NA	NA	NA	9445	NA	NA	376915	376911	9443	314146	NA	NA	40674	7776	89593	7711	NA	NA	33208	2759
Cacajao_calvus	NA	NA	NA	30596	NA	NA	NA	30595	NA	NA	38039	376919	NA	9479	314293	376913	9443	314146	NA	NA	40674	7776	89593	7711	NA	NA	33208	2759
Aotus_griseimembra	NA	NA	NA	292213	NA	NA	NA	9504	NA	NA	NA	376918	NA	9479	314293	376913	9443	314146	NA	NA	40674	7776	89593	7711	NA	NA	33208	2759
Cheirogaleus_major	NA	NA	NA	47177	NA	NA	NA	9459	NA	NA	NA	30615	NA	NA	376915	376911	9443	314146	NA	NA	40674	7776	89593	7711	NA	NA	33208	2759
Cacajao_rubicundus	NA	NA	NA	70927	NA	NA	NA	30595	NA	NA	38039	376919	NA	9479	314293	376913	9443	314146	NA	NA	40674	7776	89593	7711	NA	NA	33208	2759
Macaca_pagensis	NA	NA	NA	230653	NA	NA	NA	9539	NA	NA	9528	9527	314294	9526	314293	376913	9443	314146	NA	NA	40674	7776	89593	7711	NA	NA	33208	2759
Cebus_albifrons	NA	NA	NA	9514	NA	NA	NA	9513	NA	NA	38070	9498	NA	9479	314293	376913	9443	314146	NA	NA	40674	7776	89593	7711	NA	NA	33208	2759
Pithecia_irrorata	NA	NA	NA	30598	NA	NA	NA	30597	NA	NA	38039	376919	NA	9479	314293	376913	9443	314146	NA	NA	40674	7776	89593	7711	NA	NA	33208	2759
Cheirogaleus_sibreei	NA	NA	NA	752538	NA	NA	NA	9459	NA	NA	NA	30615	NA	NA	376915	376911	9443	314146	NA	NA	40674	7776	89593	7711	NA	NA	33208	2759
Eulemur_rufus	NA	NA	NA	859983	NA	NA	NA	13513	NA	NA	NA	9445	NA	NA	376915	376911	9443	314146	NA	NA	40674	7776	89593	7711	NA	NA	33208	2759
Chiropotes_satanas	NA	NA	NA	9525	NA	NA	NA	9524	NA	NA	38039	376919	NA	9479	314293	376913	9443	314146	NA	NA	40674	7776	89593	7711	NA	NA	33208	2759
Callicebus_moloch	NA	NA	NA	9523	NA	NA	NA	9522	NA	NA	38069	376919	NA	9479	314293	376913	9443	314146	NA	NA	40674	7776	89593	7711	NA	NA	33208	2759
Daubentonia_madagascariensis	NA	NA	NA	31869	NA	NA	NA	13038	NA	NA	NA	30613	NA	NA	376916	376911	9443	314146	NA	NA	40674	7776	89593	7711	NA	NA	33208	2759
Microcebus_jollyae	NA	NA	NA	236275	NA	NA	NA	13149	NA	NA	NA	30615	NA	NA	376915	376911	9443	314146	NA	NA	40674	7776	89593	7711	NA	NA	33208	2759
Presbytis_melalophos	NA	NA	NA	78451	NA	NA	NA	9573	NA	NA	9569	9527	314294	9526	314293	376913	9443	314146	NA	NA	40674	7776	89593	7711	NA	NA	33208	2759
Presbytis_comata	NA	NA	NA	78452	NA	NA	NA	9573	NA	NA	9569	9527	314294	9526	314293	376913	9443	314146	NA	NA	40674	7776	89593	7711	NA	NA	33208	2759
Macaca_cyclopis	NA	NA	NA	78449	NA	NA	NA	9539	NA	NA	9528	9527	314294	9526	314293	376913	9443	314146	NA	NA	40674	7776	89593	7711	NA	NA	33208	2759
Lophocebus_albigena	NA	NA	NA	75567	NA	NA	NA	75565	NA	NA	9528	9527	314294	9526	314293	376913	9443	314146	NA	NA	40674	7776	89593	7711	NA	NA	33208	2759
Macaca_maura	NA	NA	NA	90383	NA	NA	NA	9539	NA	NA	9528	9527	314294	9526	314293	376913	9443	314146	NA	NA	40674	7776	89593	7711	NA	NA	33208	2759
Papio_cynocephalus	NA	NA	NA	9556	NA	NA	NA	9554	NA	NA	9528	9527	314294	9526	314293	376913	9443	314146	NA	NA	40674	7776	89593	7711	NA	NA	33208	2759
Macaca_nigrescens	NA	NA	NA	90384	NA	NA	NA	9539	NA	NA	9528	9527	314294	9526	314293	376913	9443	314146	NA	NA	40674	7776	89593	7711	NA	NA	33208	2759
Brachyteles_hypoxanthus	NA	NA	NA	342807	NA	NA	NA	30593	NA	NA	38068	378855	NA	9479	314293	376913	9443	314146	NA	NA	40674	7776	89593	7711	NA	NA	33208	2759
Phaner_furcifer	NA	NA	NA	261734	NA	NA	NA	261733	NA	NA	NA	30615	NA	NA	376915	376911	9443	314146	NA	NA	40674	7776	89593	7711	NA	NA	33208	2759
Galagoides_demidoff	NA	NA	NA	89672	NA	NA	NA	89671	NA	NA	NA	40297	NA	NA	376917	376911	9443	314146	NA	NA	40674	7776	89593	7711	NA	NA	33208	2759
Lagothrix_cana	NA	NA	NA	767357	NA	NA	NA	9518	NA	NA	38068	378855	NA	9479	314293	376913	9443	314146	NA	NA	40674	7776	89593	7711	NA	NA	33208	2759
Leontopithecus_chrysomelas	NA	NA	NA	57374	NA	NA	NA	30587	NA	NA	9480	9498	NA	9479	314293	376913	9443	314146	NA	NA	40674	7776	89593	7711	NA	NA	33208	2759
Lophocebus_aterrimus	NA	NA	NA	75566	NA	NA	NA	75565	NA	NA	9528	9527	314294	9526	314293	376913	9443	314146	NA	NA	40674	7776	89593	7711	NA	NA	33208	2759
Microcebus_berthae	NA	NA	NA	143352	NA	NA	NA	13149	NA	NA	NA	30615	NA	NA	376915	376911	9443	314146	NA	NA	40674	7776	89593	7711	NA	NA	33208	2759
Macaca_silenus	NA	NA	NA	54601	NA	NA	NA	9539	NA	NA	9528	9527	314294	9526	314293	376913	9443	314146	NA	NA	40674	7776	89593	7711	NA	NA	33208	2759
Aotus_lemurinus	NA	NA	NA	43147	NA	NA	NA	9504	NA	NA	NA	376918	NA	9479	314293	376913	9443	314146	NA	NA	40674	7776	89593	7711	NA	NA	33208	2759
Otolemur_crassicaudatus	NA	NA	NA	9463	NA	NA	NA	30610	NA	NA	NA	40297	NA	NA	376917	376911	9443	314146	NA	NA	40674	7776	89593	7711	NA	NA	33208	2759
Cebus_nigritus	NA	NA	NA	867366	NA	NA	NA	9513	NA	NA	38070	9498	NA	9479	314293	376913	9443	314146	NA	NA	40674	7776	89593	7711	NA	NA	33208	2759
Saimiri_sciureus	NA	NA	NA	9521	NA	NA	NA	9520	NA	NA	378850	9498	NA	9479	314293	376913	9443	314146	NA	NA	40674	7776	89593	7711	NA	NA	33208	2759
Chlorocebus_aethiops	NA	NA	NA	9534	NA	NA	NA	392815	NA	NA	9528	9527	314294	9526	314293	376913	9443	314146	NA	NA	40674	7776	89593	7711	NA	NA	33208	2759
Perodicticus_potto	NA	NA	NA	9472	NA	NA	NA	9471	NA	NA	NA	9461	NA	NA	376916	376911	9443	314146	NA	NA	40674	7776	89593	7711	NA	NA	33208	2759
Callithrix_penicillata	NA	NA	NA	57378	NA	NA	NA	9481	NA	NA	9480	9498	NA	9479	314293	376913	9443	314146	NA	NA	40674	7776	89593	7711	NA	NA	33208	2759
Papio_anubis	NA	NA	NA	9555	NA	NA	NA	9554	NA	NA	9528	9527	314294	9526	314293	376913	9443	314146	NA	NA	40674	7776	89593	7711	NA	NA	33208	2759
Callithrix_aurita	NA	NA	NA	57375	NA	NA	NA	9481	NA	NA	9480	9498	NA	9479	314293	376913	9443	314146	NA	NA	40674	7776	89593	7711	NA	NA	33208	2759
Eulemur_fulvus	NA	NA	NA	13515	NA	NA	NA	13513	NA	NA	NA	9445	NA	NA	376915	376911	9443	314146	NA	NA	40674	7776	89593	7711	NA	NA	33208	2759
Leontopithecus_rosalia	NA	NA	NA	30588	NA	NA	NA	30587	NA	NA	9480	9498	NA	9479	314293	376913	9443	314146	NA	NA	40674	7776	89593	7711	NA	NA	33208	2759
Cercopithecus_lhoesti	NA	NA	NA	100224	NA	NA	NA	9533	NA	NA	9528	9527	314294	9526	314293	376913	9443	314146	NA	NA	40674	7776	89593	7711	NA	NA	33208	2759
Macaca_sylvanus	NA	NA	NA	9546	NA	NA	NA	9539	NA	NA	9528	9527	314294	9526	314293	376913	9443	314146	NA	NA	40674	7776	89593	7711	NA	NA	33208	2759
Cercopithecus_preussi	NA	NA	NA	147649	NA	NA	NA	9533	NA	NA	9528	9527	314294	9526	314293	376913	9443	314146	NA	NA	40674	7776	89593	7711	NA	NA	33208	2759
Aotus_nancymaae	NA	NA	NA	37293	NA	NA	NA	9504	NA	NA	NA	376918	NA	9479	314293	376913	9443	314146	NA	NA	40674	7776	89593	7711	NA	NA	33208	2759
Galago_gallarum	NA	NA	NA	111173	NA	NA	NA	9462	NA	NA	NA	40297	NA	NA	376917	376911	9443	314146	NA	NA	40674	7776	89593	7711	NA	NA	33208	2759
Eulemur_rubriventer	NA	NA	NA	34829	NA	NA	NA	13513	NA	NA	NA	9445	NA	NA	376915	376911	9443	314146	NA	NA	40674	7776	89593	7711	NA	NA	33208	2759
Galago_granti	NA	NA	NA	261732	NA	NA	NA	9462	NA	NA	NA	40297	NA	NA	376917	376911	9443	314146	NA	NA	40674	7776	89593	7711	NA	NA	33208	2759
Callicebus_caligatus	NA	NA	NA	867332	NA	NA	NA	9522	NA	NA	38069	376919	NA	9479	314293	376913	9443	314146	NA	NA	40674	7776	89593	7711	NA	NA	33208	2759
Colobus_polykomos	NA	NA	NA	9572	NA	NA	NA	9570	NA	NA	9569	9527	314294	9526	314293	376913	9443	314146	NA	NA	40674	7776	89593	7711	NA	NA	33208	2759
Cercopithecus_mitis	NA	NA	NA	36225	NA	NA	NA	9533	NA	NA	9528	9527	314294	9526	314293	376913	9443	314146	NA	NA	40674	7776	89593	7711	NA	NA	33208	2759
Microcebus_margotmarshae	NA	NA	NA	864581	NA	NA	NA	13149	NA	NA	NA	30615	NA	NA	376915	376911	9443	314146	NA	NA	40674	7776	89593	7711	NA	NA	33208	2759
Nycticebus_pygmaeus	NA	NA	NA	101278	NA	NA	NA	9469	NA	NA	NA	9461	NA	NA	376916	376911	9443	314146	NA	NA	40674	7776	89593	7711	NA	NA	33208	2759
Nycticebus_bengalensis	NA	NA	NA	261741	NA	NA	NA	9469	NA	NA	NA	9461	NA	NA	376916	376911	9443	314146	NA	NA	40674	7776	89593	7711	NA	NA	33208	2759
Nycticebus_javanicus	NA	NA	NA	310934	NA	NA	NA	9469	NA	NA	NA	9461	NA	NA	376916	376911	9443	314146	NA	NA	40674	7776	89593	7711	NA	NA	33208	2759
Saguinus_fuscicollis	NA	NA	NA	9487	NA	NA	NA	9486	NA	NA	9480	9498	NA	9479	314293	376913	9443	314146	NA	NA	40674	7776	89593	7711	NA	NA	33208	2759
Saguinus_imperator	NA	NA	NA	9491	NA	NA	NA	9486	NA	NA	9480	9498	NA	9479	314293	376913	9443	314146	NA	NA	40674	7776	89593	7711	NA	NA	33208	2759
Pongo_pygmaeus	NA	NA	NA	9600	NA	NA	NA	9599	NA	NA	607660	9604	314295	9526	314293	376913	9443	314146	NA	NA	40674	7776	89593	7711	NA	NA	33208	2759
Cebus_libidinosus	NA	NA	NA	1126382	NA	NA	NA	9513	NA	NA	38070	9498	NA	9479	314293	376913	9443	314146	NA	NA	40674	7776	89593	7711	NA	NA	33208	2759
Saimiri_oerstedii	NA	NA	NA	70928	NA	NA	NA	9520	NA	NA	378850	9498	NA	9479	314293	376913	9443	314146	NA	NA	40674	7776	89593	7711	NA	NA	33208	2759
Cebus_apella	NA	NA	NA	9515	NA	NA	NA	9513	NA	NA	38070	9498	NA	9479	314293	376913	9443	314146	NA	NA	40674	7776	89593	7711	NA	NA	33208	2759
Microcebus_bongolavensis	NA	NA	NA	412750	NA	NA	NA	13149	NA	NA	NA	30615	NA	NA	376915	376911	9443	314146	NA	NA	40674	7776	89593	7711	NA	NA	33208	2759
Papio_ursinus	NA	NA	NA	36229	NA	NA	NA	9554	NA	NA	9528	9527	314294	9526	314293	376913	9443	314146	NA	NA	40674	7776	89593	7711	NA	NA	33208	2759
Macaca_radiata	NA	NA	NA	9548	NA	NA	NA	9539	NA	NA	9528	9527	314294	9526	314293	376913	9443	314146	NA	NA	40674	7776	89593	7711	NA	NA	33208	2759
Saguinus_geoffroyi	NA	NA	NA	43778	NA	NA	NA	9486	NA	NA	9480	9498	NA	9479	314293	376913	9443	314146	NA	NA	40674	7776	89593	7711	NA	NA	33208	2759
Macaca_fuscata	NA	NA	NA	9542	NA	NA	NA	9539	NA	NA	9528	9527	314294	9526	314293	376913	9443	314146	NA	NA	40674	7776	89593	7711	NA	NA	33208	2759
Pygathrix_nemaeus	NA	NA	NA	54133	NA	NA	NA	54132	NA	NA	9569	9527	314294	9526	314293	376913	9443	314146	NA	NA	40674	7776	89593	7711	NA	NA	33208	2759
Cheirogaleus_medius	NA	NA	NA	9460	NA	NA	NA	9459	NA	NA	NA	30615	NA	NA	376915	376911	9443	314146	NA	NA	40674	7776	89593	7711	NA	NA	33208	2759
Cheirogaleus_crossleyi	NA	NA	NA	291259	NA	NA	NA	9459	NA	NA	NA	30615	NA	NA	376915	376911	9443	314146	NA	NA	40674	7776	89593	7711	NA	NA	33208	2759
Saguinus_niger	NA	NA	NA	356665	NA	NA	NA	9486	NA	NA	9480	9498	NA	9479	314293	376913	9443	314146	NA	NA	40674	7776	89593	7711	NA	NA	33208	2759
Saguinus_labiatus	NA	NA	NA	78454	NA	NA	NA	9486	NA	NA	9480	9498	NA	9479	314293	376913	9443	314146	NA	NA	40674	7776	89593	7711	NA	NA	33208	2759
Saguinus_oedipus	NA	NA	NA	9490	NA	NA	NA	9486	NA	NA	9480	9498	NA	9479	314293	376913	9443	314146	NA	NA	40674	7776	89593	7711	NA	NA	33208	2759
Pongo_abelii	NA	NA	NA	9601	NA	NA	NA	9599	NA	NA	607660	9604	314295	9526	314293	376913	9443	314146	NA	NA	40674	7776	89593	7711	NA	NA	33208	2759
Microcebus_rufus	NA	NA	NA	122232	NA	NA	NA	13149	NA	NA	NA	30615	NA	NA	376915	376911	9443	314146	NA	NA	40674	7776	89593	7711	NA	NA	33208	2759
Cercopithecus_solatus	NA	NA	NA	147650	NA	NA	NA	9533	NA	NA	9528	9527	314294	9526	314293	376913	9443	314146	NA	NA	40674	7776	89593	7711	NA	NA	33208	2759
Nomascus_hainanus	NA	NA	NA	693984	NA	NA	NA	325165	NA	NA	NA	9577	314295	9526	314293	376913	9443	314146	NA	NA	40674	7776	89593	7711	NA	NA	33208	2759
Papio_papio	NA	NA	NA	100937	NA	NA	NA	9554	NA	NA	9528	9527	314294	9526	314293	376913	9443	314146	NA	NA	40674	7776	89593	7711	NA	NA	33208	2759
Nomascus_gabriellae	NA	NA	NA	61852	NA	NA	NA	325165	NA	NA	NA	9577	314295	9526	314293	376913	9443	314146	NA	NA	40674	7776	89593	7711	NA	NA	33208	2759
Callithrix_pygmaea	NA	NA	NA	9493	NA	NA	NA	9481	NA	NA	9480	9498	NA	9479	314293	376913	9443	314146	NA	NA	40674	7776	89593	7711	NA	NA	33208	2759
Nomascus_nasutus	NA	NA	NA	327374	NA	NA	NA	325165	NA	NA	NA	9577	314295	9526	314293	376913	9443	314146	NA	NA	40674	7776	89593	7711	NA	NA	33208	2759
Microcebus_macarthurii	NA	NA	NA	548481	NA	NA	NA	13149	NA	NA	NA	30615	NA	NA	376915	376911	9443	314146	NA	NA	40674	7776	89593	7711	NA	NA	33208	2759
Papio_hamadryas	NA	NA	NA	9557	NA	NA	NA	9554	NA	NA	9528	9527	314294	9526	314293	376913	9443	314146	NA	NA	40674	7776	89593	7711	NA	NA	33208	2759
Colobus_angolensis	NA	NA	NA	54131	NA	NA	NA	9570	NA	NA	9569	9527	314294	9526	314293	376913	9443	314146	NA	NA	40674	7776	89593	7711	NA	NA	33208	2759
Colobus_guereza	NA	NA	NA	33548	NA	NA	NA	9570	NA	NA	9569	9527	314294	9526	314293	376913	9443	314146	NA	NA	40674	7776	89593	7711	NA	NA	33208	2759
Saimiri_boliviensis	NA	NA	NA	27679	NA	NA	NA	9520	NA	NA	378850	9498	NA	9479	314293	376913	9443	314146	NA	NA	40674	7776	89593	7711	NA	NA	33208	2759
Cercopithecus_petaurista	NA	NA	NA	100487	NA	NA	NA	9533	NA	NA	9528	9527	314294	9526	314293	376913	9443	314146	NA	NA	40674	7776	89593	7711	NA	NA	33208	2759
Cercopithecus_nictitans	NA	NA	NA	36228	NA	NA	NA	9533	NA	NA	9528	9527	314294	9526	314293	376913	9443	314146	NA	NA	40674	7776	89593	7711	NA	NA	33208	2759
Saguinus_mystax	NA	NA	NA	9488	NA	NA	NA	9486	NA	NA	9480	9498	NA	9479	314293	376913	9443	314146	NA	NA	40674	7776	89593	7711	NA	NA	33208	2759
Cercopithecus_mona	NA	NA	NA	36226	NA	NA	NA	9533	NA	NA	9528	9527	314294	9526	314293	376913	9443	314146	NA	NA	40674	7776	89593	7711	NA	NA	33208	2759
Macaca_tonkeana	NA	NA	NA	40843	NA	NA	NA	9539	NA	NA	9528	9527	314294	9526	314293	376913	9443	314146	NA	NA	40674	7776	89593	7711	NA	NA	33208	2759
Saguinus_bicolor	NA	NA	NA	37588	NA	NA	NA	9486	NA	NA	9480	9498	NA	9479	314293	376913	9443	314146	NA	NA	40674	7776	89593	7711	NA	NA	33208	2759
Nycticebus_menagensis	NA	NA	NA	310932	NA	NA	NA	9469	NA	NA	NA	9461	NA	NA	376916	376911	9443	314146	NA	NA	40674	7776	89593	7711	NA	NA	33208	2759
Nycticebus_coucang	NA	NA	NA	9470	NA	NA	NA	9469	NA	NA	NA	9461	NA	NA	376916	376911	9443	314146	NA	NA	40674	7776	89593	7711	NA	NA	33208	2759
Chaphipectes_rsuphugles	NA	NA	NA	1309660	NA	NA	NA	9446	NA	NA	NA	9445	NA	NA	376915	376911	9443	314146	NA	NA	40674	7776	89593	7711	NA	NA	33208	2759
Cercopithecus_ascanius	NA	NA	NA	36223	NA	NA	NA	9533	NA	NA	9528	9527	314294	9526	314293	376913	9443	314146	NA	NA	40674	7776	89593	7711	NA	NA	33208	2759
Saimiri_ustus	NA	NA	NA	66265	NA	NA	NA	9520	NA	NA	378850	9498	NA	9479	314293	376913	9443	314146	NA	NA	40674	7776	89593	7711	NA	NA	33208	2759
Saguinus_martinsi	NA	NA	NA	356666	NA	NA	NA	9486	NA	NA	9480	9498	NA	9479	314293	376913	9443	314146	NA	NA	40674	7776	89593	7711	NA	NA	33208	2759
Papio_kindae	NA	NA	NA	208091	NA	NA	NA	9554	NA	NA	9528	9527	314294	9526	314293	376913	9443	314146	NA	NA	40674	7776	89593	7711	NA	NA	33208	2759
Macaca_ochreata	NA	NA	NA	90385	NA	NA	NA	9539	NA	NA	9528	9527	314294	9526	314293	376913	9443	314146	NA	NA	40674	7776	89593	7711	NA	NA	33208	2759
Macaca_hecki	NA	NA	NA	90382	NA	NA	NA	9539	NA	NA	9528	9527	314294	9526	314293	376913	9443	314146	NA	NA	40674	7776	89593	7711	NA	NA	33208	2759
Microcebus_griseorufus	NA	NA	NA	143354	NA	NA	NA	13149	NA	NA	NA	30615	NA	NA	376915	376911	9443	314146	NA	NA	40674	7776	89593	7711	NA	NA	33208	2759
Pygathrix_cinerea	NA	NA	NA	693712	NA	NA	NA	54132	NA	NA	9569	9527	314294	9526	314293	376913	9443	314146	NA	NA	40674	7776	89593	7711	NA	NA	33208	2759
Macaca_arctoides	NA	NA	NA	9540	NA	NA	NA	9539	NA	NA	9528	9527	314294	9526	314293	376913	9443	314146	NA	NA	40674	7776	89593	7711	NA	NA	33208	2759
Microcebus_lokobensis	NA	NA	NA	412752	NA	NA	NA	13149	NA	NA	NA	30615	NA	NA	376915	376911	9443	314146	NA	NA	40674	7776	89593	7711	NA	NA	33208	2759
Microcebus_arnholdi	NA	NA	NA	864580	NA	NA	NA	13149	NA	NA	NA	30615	NA	NA	376915	376911	9443	314146	NA	NA	40674	7776	89593	7711	NA	NA	33208	2759
Callithrix_mauesi	NA	NA	NA	57377	NA	NA	NA	9481	NA	NA	9480	9498	NA	9479	314293	376913	9443	314146	NA	NA	40674	7776	89593	7711	NA	NA	33208	2759
Rhinopithecus_bieti	NA	NA	NA	61621	NA	NA	NA	542827	NA	NA	9569	9527	314294	9526	314293	376913	9443	314146	NA	NA	40674	7776	89593	7711	NA	NA	33208	2759
Microcebus_tavaratra	NA	NA	NA	143351	NA	NA	NA	13149	NA	NA	NA	30615	NA	NA	376915	376911	9443	314146	NA	NA	40674	7776	89593	7711	NA	NA	33208	2759
Pygathrix_nigripes	NA	NA	NA	310352	NA	NA	NA	54132	NA	NA	9569	9527	314294	9526	314293	376913	9443	314146	NA	NA	40674	7776	89593	7711	NA	NA	33208	2759
Callithrix_jacchus	NA	NA	NA	9483	NA	NA	NA	9481	NA	NA	9480	9498	NA	9479	314293	376913	9443	314146	NA	NA	40674	7776	89593	7711	NA	NA	33208	2759
Nomascus_leucogenys	NA	NA	NA	61853	NA	NA	NA	325165	NA	NA	NA	9577	314295	9526	314293	376913	9443	314146	NA	NA	40674	7776	89593	7711	NA	NA	33208	2759
Callithrix_argentata	NA	NA	NA	9482	NA	NA	NA	9481	NA	NA	9480	9498	NA	9479	314293	376913	9443	314146	NA	NA	40674	7776	89593	7711	NA	NA	33208	2759
Galago_alleni	NA	NA	NA	34830	NA	NA	NA	9462	NA	NA	NA	40297	NA	NA	376917	376911	9443	314146	NA	NA	40674	7776	89593	7711	NA	NA	33208	2759
Callithrix_kuhlii	NA	NA	NA	867363	NA	NA	NA	9481	NA	NA	9480	9498	NA	9479	314293	376913	9443	314146	NA	NA	40674	7776	89593	7711	NA	NA	33208	2759
Upigloctildos_oscuscigluldos	NA	NA	NA	1309658	NA	NA	NA	9446	NA	NA	NA	9445	NA	NA	376915	376911	9443	314146	NA	NA	40674	7776	89593	7711	NA	NA	33208	2759
Otolemur_garnettii	NA	NA	NA	30611	NA	NA	NA	30610	NA	NA	NA	40297	NA	NA	376917	376911	9443	314146	NA	NA	40674	7776	89593	7711	NA	NA	33208	2759
Galago_senegalensis	NA	NA	NA	9465	NA	NA	NA	9462	NA	NA	NA	40297	NA	NA	376917	376911	9443	314146	NA	NA	40674	7776	89593	7711	NA	NA	33208	2759
Saguinus_leucopus	NA	NA	NA	290597	NA	NA	NA	9486	NA	NA	9480	9498	NA	9479	314293	376913	9443	314146	NA	NA	40674	7776	89593	7711	NA	NA	33208	2759
Cercopithecus_neglectus	NA	NA	NA	36227	NA	NA	NA	9533	NA	NA	9528	9527	314294	9526	314293	376913	9443	314146	NA	NA	40674	7776	89593	7711	NA	NA	33208	2759
Saguinus_midas	NA	NA	NA	30586	NA	NA	NA	9486	NA	NA	9480	9498	NA	9479	314293	376913	9443	314146	NA	NA	40674	7776	89593	7711	NA	NA	33208	2759
Galagoides_zanzibaricus	NA	NA	NA	111174	NA	NA	NA	89671	NA	NA	NA	40297	NA	NA	376917	376911	9443	314146	NA	NA	40674	7776	89593	7711	NA	NA	33208	2759
Callicebus_brunneus	NA	NA	NA	221704	NA	NA	NA	9522	NA	NA	38069	376919	NA	9479	314293	376913	9443	314146	NA	NA	40674	7776	89593	7711	NA	NA	33208	2759
Callicebus_cupreus	NA	NA	NA	202457	NA	NA	NA	9522	NA	NA	38069	376919	NA	9479	314293	376913	9443	314146	NA	NA	40674	7776	89593	7711	NA	NA	33208	2759
Macaca_munzala	NA	NA	NA	402888	NA	NA	NA	9539	NA	NA	9528	9527	314294	9526	314293	376913	9443	314146	NA	NA	40674	7776	89593	7711	NA	NA	33208	2759
Callicebus_coimbrai	NA	NA	NA	867333	NA	NA	NA	9522	NA	NA	38069	376919	NA	9479	314293	376913	9443	314146	NA	NA	40674	7776	89593	7711	NA	NA	33208	2759
Macaca_nemestrina	NA	NA	NA	9545	NA	NA	NA	9539	NA	NA	9528	9527	314294	9526	314293	376913	9443	314146	NA	NA	40674	7776	89593	7711	NA	NA	33208	2759
Macaca_mulatta	NA	NA	NA	9544	NA	NA	NA	9539	NA	NA	9528	9527	314294	9526	314293	376913	9443	314146	NA	NA	40674	7776	89593	7711	NA	NA	33208	2759
Avahi_laniger	NA	NA	NA	122246	NA	NA	NA	122245	NA	NA	NA	30599	NA	NA	376915	376911	9443	314146	NA	NA	40674	7776	89593	7711	NA	NA	33208	2759
Microcebus_mittermeieri	NA	NA	NA	236274	NA	NA	NA	13149	NA	NA	NA	30615	NA	NA	376915	376911	9443	314146	NA	NA	40674	7776	89593	7711	NA	NA	33208	2759
Avahi_occidentalis	NA	NA	NA	132108	NA	NA	NA	122245	NA	NA	NA	30599	NA	NA	376915	376911	9443	314146	NA	NA	40674	7776	89593	7711	NA	NA	33208	2759
Avahi_unicolor	NA	NA	NA	402239	NA	NA	NA	122245	NA	NA	NA	30599	NA	NA	376915	376911	9443	314146	NA	NA	40674	7776	89593	7711	NA	NA	33208	2759
Macaca_thibetana	NA	NA	NA	54602	NA	NA	NA	9539	NA	NA	9528	9527	314294	9526	314293	376913	9443	314146	NA	NA	40674	7776	89593	7711	NA	NA	33208	2759
Macaca_sinica	NA	NA	NA	9552	NA	NA	NA	9539	NA	NA	9528	9527	314294	9526	314293	376913	9443	314146	NA	NA	40674	7776	89593	7711	NA	NA	33208	2759
Rhinopithecus_roxellana	NA	NA	NA	61622	NA	NA	NA	542827	NA	NA	9569	9527	314294	9526	314293	376913	9443	314146	NA	NA	40674	7776	89593	7711	NA	NA	33208	2759
Propithecus_perrieri	NA	NA	NA	989338	NA	NA	NA	30600	NA	NA	NA	30599	NA	NA	376915	376911	9443	314146	NA	NA	40674	7776	89593	7711	NA	NA	33208	2759
Propithecus_tattersalli	NA	NA	NA	30601	NA	NA	NA	30600	NA	NA	NA	30599	NA	NA	376915	376911	9443	314146	NA	NA	40674	7776	89593	7711	NA	NA	33208	2759
Microcebus_lehilahytsara	NA	NA	NA	343908	NA	NA	NA	13149	NA	NA	NA	30615	NA	NA	376915	376911	9443	314146	NA	NA	40674	7776	89593	7711	NA	NA	33208	2759
Oldictichupsis_nersuscis	NA	NA	NA	1309659	NA	NA	NA	9446	NA	NA	NA	9445	NA	NA	376915	376911	9443	314146	NA	NA	40674	7776	89593	7711	NA	NA	33208	2759
Microcebus_murinus	NA	NA	NA	30608	NA	NA	NA	13149	NA	NA	NA	30615	NA	NA	376915	376911	9443	314146	NA	NA	40674	7776	89593	7711	NA	NA	33208	2759
Avahi_cleesei	NA	NA	NA	402244	NA	NA	NA	122245	NA	NA	NA	30599	NA	NA	376915	376911	9443	314146	NA	NA	40674	7776	89593	7711	NA	NA	33208	2759
Cercopithecus_hamlyni	NA	NA	NA	9536	NA	NA	NA	9533	NA	NA	9528	9527	314294	9526	314293	376913	9443	314146	NA	NA	40674	7776	89593	7711	NA	NA	33208	2759
Nomascus_concolor	NA	NA	NA	29089	NA	NA	NA	325165	NA	NA	NA	9577	314295	9526	314293	376913	9443	314146	NA	NA	40674	7776	89593	7711	NA	NA	33208	2759
Macaca_assamensis	NA	NA	NA	9551	NA	NA	NA	9539	NA	NA	9528	9527	314294	9526	314293	376913	9443	314146	NA	NA	40674	7776	89593	7711	NA	NA	33208	2759
Chlorocebus_sabaeus	NA	NA	NA	60711	NA	NA	NA	392815	NA	NA	9528	9527	314294	9526	314293	376913	9443	314146	NA	NA	40674	7776	89593	7711	NA	NA	33208	2759
Macaca_nigra	NA	NA	NA	54600	NA	NA	NA	9539	NA	NA	9528	9527	314294	9526	314293	376913	9443	314146	NA	NA	40674	7776	89593	7711	NA	NA	33208	2759
Microcebus_myoxinus	NA	NA	NA	143283	NA	NA	NA	13149	NA	NA	NA	30615	NA	NA	376915	376911	9443	314146	NA	NA	40674	7776	89593	7711	NA	NA	33208	2759
Microcebus_gerpi	NA	NA	NA	1131379	NA	NA	NA	13149	NA	NA	NA	30615	NA	NA	376915	376911	9443	314146	NA	NA	40674	7776	89593	7711	NA	NA	33208	2759
Callithrix_humilis	NA	NA	NA	666519	NA	NA	NA	9481	NA	NA	9480	9498	NA	9479	314293	376913	9443	314146	NA	NA	40674	7776	89593	7711	NA	NA	33208	2759
Rhinopithecus_avunculus	NA	NA	NA	66062	NA	NA	NA	542827	NA	NA	9569	9527	314294	9526	314293	376913	9443	314146	NA	NA	40674	7776	89593	7711	NA	NA	33208	2759
Callicebus_personatus	NA	NA	NA	70814	NA	NA	NA	9522	NA	NA	38069	376919	NA	9479	314293	376913	9443	314146	NA	NA	40674	7776	89593	7711	NA	NA	33208	2759
Nomascus_siki	NA	NA	NA	9586	NA	NA	NA	325165	NA	NA	NA	9577	314295	9526	314293	376913	9443	314146	NA	NA	40674	7776	89593	7711	NA	NA	33208	2759
Microcebus_mamiratra	NA	NA	NA	415757	NA	NA	NA	13149	NA	NA	NA	30615	NA	NA	376915	376911	9443	314146	NA	NA	40674	7776	89593	7711	NA	NA	33208	2759
Rhinopithecus_strykeri	NA	NA	NA	1194336	NA	NA	NA	542827	NA	NA	9569	9527	314294	9526	314293	376913	9443	314146	NA	NA	40674	7776	89593	7711	NA	NA	33208	2759
Microcebus_danfossi	NA	NA	NA	412751	NA	NA	NA	13149	NA	NA	NA	30615	NA	NA	376915	376911	9443	314146	NA	NA	40674	7776	89593	7711	NA	NA	33208	2759
Microcebus_simmonsi	NA	NA	NA	236272	NA	NA	NA	13149	NA	NA	NA	30615	NA	NA	376915	376911	9443	314146	NA	NA	40674	7776	89593	7711	NA	NA	33208	2759
Propithecus_edwardsi	NA	NA	NA	543559	NA	NA	NA	30600	NA	NA	NA	30599	NA	NA	376915	376911	9443	314146	NA	NA	40674	7776	89593	7711	NA	NA	33208	2759
Propithecus_coquereli	NA	NA	NA	379532	NA	NA	NA	30600	NA	NA	NA	30599	NA	NA	376915	376911	9443	314146	NA	NA	40674	7776	89593	7711	NA	NA	33208	2759
Propithecus_verreauxi	NA	NA	NA	34825	NA	NA	NA	30600	NA	NA	NA	30599	NA	NA	376915	376911	9443	314146	NA	NA	40674	7776	89593	7711	NA	NA	33208	2759
Callithrix_humeralifera	NA	NA	NA	52232	NA	NA	NA	9481	NA	NA	9480	9498	NA	9479	314293	376913	9443	314146	NA	NA	40674	7776	89593	7711	NA	NA	33208	2759
Microcebus_ravelobensis	NA	NA	NA	122231	NA	NA	NA	13149	NA	NA	NA	30615	NA	NA	376915	376911	9443	314146	NA	NA	40674	7776	89593	7711	NA	NA	33208	2759
Propithecus_diadema	NA	NA	NA	83281	NA	NA	NA	30600	NA	NA	NA	30599	NA	NA	376915	376911	9443	314146	NA	NA	40674	7776	89593	7711	NA	NA	33208	2759
Callithrix_melanura	NA	NA	NA	1090896	NA	NA	NA	9481	NA	NA	9480	9498	NA	9479	314293	376913	9443	314146	NA	NA	40674	7776	89593	7711	NA	NA	33208	2759
Callithrix_rondoni	NA	NA	NA	1127763	NA	NA	NA	9481	NA	NA	9480	9498	NA	9479	314293	376913	9443	314146	NA	NA	40674	7776	89593	7711	NA	NA	33208	2759
Callithrix_geoffroyi	NA	NA	NA	52231	NA	NA	NA	9481	NA	NA	9480	9498	NA	9479	314293	376913	9443	314146	NA	NA	40674	7776	89593	7711	NA	NA	33208	2759
Callithrix_saterei	NA	NA	NA	198702	NA	NA	NA	9481	NA	NA	9480	9498	NA	9479	314293	376913	9443	314146	NA	NA	40674	7776	89593	7711	NA	NA	33208	2759
Callicebus_donacophilus	NA	NA	NA	230833	NA	NA	NA	9522	NA	NA	38069	376919	NA	9479	314293	376913	9443	314146	NA	NA	40674	7776	89593	7711	NA	NA	33208	2759
Callithrix_emiliae	NA	NA	NA	48842	NA	NA	NA	9481	NA	NA	9480	9498	NA	9479	314293	376913	9443	314146	NA	NA	40674	7776	89593	7711	NA	NA	33208	2759
Callicebus_nigrifrons	NA	NA	NA	867334	NA	NA	NA	9522	NA	NA	38069	376919	NA	9479	314293	376913	9443	314146	NA	NA	40674	7776	89593	7711	NA	NA	33208	2759
